Date,Open,High,Low,Close,Volume,Open Interest
2021-03-15,9176.0,9181.0,9144.0,9157.0,772.0,70516.0
2021-03-12,9213.0,9215.5,9138.5,9168.5,25469.0,78338.0
2021-03-11,9224.5,9228.5,9190.0,9220.5,154933.0,113392.0
2021-03-10,9216.0,9230.5,9180.5,9225.5,186386.0,155547.0
2021-03-09,9181.0,9223.5,9155.0,9219.5,155116.0,173879.0
2021-03-08,9227.0,9233.0,9179.0,9185.5,118643.0,189074.0
2021-03-05,9262.0,9274.5,9204.5,9231.0,131155.0,191441.0
2021-03-04,9348.0,9349.0,9260.5,9268.0,114111.0,183704.0
2021-03-03,9372.5,9373.5,9332.5,9348.5,81581.0,183437.0
2021-03-02,9365.5,9375.0,9350.0,9368.0,75157.0,181609.0
2021-03-01,9383.0,9402.0,9356.5,9364.0,87254.0,183501.0
2021-02-26,9412.0,9448.5,9373.5,9378.5,142489.0,183721.0
2021-02-25,9446.0,9448.5,9398.5,9415.5,141745.0,184111.0
2021-02-24,9504.0,9508.0,9425.5,9440.5,130152.0,181882.0
2021-02-23,9520.5,9532.5,9486.0,9496.0,84066.0,182029.0
2021-02-22,9480.5,9526.5,9449.0,9523.5,110666.0,185437.0
2021-02-19,9464.0,9504.0,9457.5,9481.0,108776.0,186761.0
2021-02-18,9447.0,9471.5,9442.0,9462.5,82854.0,188364.0
2021-02-17,9426.0,9456.0,9415.5,9443.5,115070.0,186956.0
2021-02-16,9530.5,9531.5,9429.5,9445.0,149488.0,177627.0
2021-02-12,9547.0,9550.5,9509.0,9528.0,76728.0,179278.0
2021-02-11,9562.5,9567.5,9543.5,9548.0,49800.0,179037.0
2021-02-10,9568.0,9579.5,9540.0,9558.5,89008.0,182368.0
2021-02-09,9506.0,9572.0,9503.0,9568.0,97356.0,184800.0
2021-02-08,9493.0,9521.0,9466.0,9506.5,83682.0,187794.0
2021-02-05,9479.0,9496.0,9457.5,9486.5,113023.0,188902.0
2021-02-04,9524.5,9529.0,9474.5,9479.5,81380.0,189337.0
2021-02-03,9527.5,9534.0,9517.0,9522.0,63615.0,189649.0
2021-02-02,9531.0,9542.5,9511.0,9520.0,72797.0,191346.0
2021-02-01,9547.0,9562.5,9524.0,9532.0,83094.0,196351.0
2021-01-29,9597.0,9599.0,9532.5,9551.0,131067.0,199589.0
2021-01-28,9611.5,9613.0,9576.5,9597.5,104405.0,194121.0
2021-01-27,9655.0,9658.0,9601.0,9606.0,113387.0,192792.0
2021-01-26,9641.0,9661.5,9635.5,9652.5,59497.0,192087.0
2021-01-25,9638.0,9650.5,9626.0,9638.5,65181.0,193588.0
2021-01-22,9667.0,9668.5,9630.5,9636.0,60430.0,192682.0
2021-01-21,9661.0,9682.5,9651.5,9665.5,78298.0,194607.0
2021-01-20,9628.0,9672.0,9626.5,9663.5,68328.0,190538.0
2021-01-19,9637.0,9654.5,9612.0,9633.0,116184.0,193471.0
2021-01-15,9638.5,9656.5,9629.0,9633.5,60451.0,190856.0
2021-01-14,9634.5,9662.0,9602.5,9641.0,87443.0,190546.0
2021-01-13,9643.5,9666.5,9621.5,9633.0,82266.0,189087.0
2021-01-12,9603.0,9647.5,9590.0,9638.0,69898.0,189626.0
2021-01-11,9625.5,9629.0,9585.0,9607.0,64863.0,192306.0
2021-01-08,9635.0,9658.5,9613.0,9630.0,126161.0,196598.0
2021-01-07,9708.5,9720.0,9625.0,9634.5,120799.0,198652.0
2021-01-06,9744.5,9754.5,9673.5,9703.5,132578.0,204873.0
2021-01-05,9703.0,9753.5,9698.0,9749.5,81876.0,203320.0
2021-01-04,9699.5,9743.5,9686.5,9705.0,92623.0,203979.0
2020-12-31,9694.0,9717.5,9686.0,9689.0,47454.0,205525.0
2020-12-30,9666.0,9721.0,9661.5,9692.0,86973.0,192341.0
2020-12-29,9643.5,9673.5,9641.0,9668.0,66928.0,192055.0
2020-12-28,9664.5,9682.5,9635.5,9641.5,75352.0,193335.0
2020-12-24,9673.5,9675.0,9649.5,9659.5,46728.0,196377.0
2020-12-23,9666.0,9691.5,9662.0,9665.5,84010.0,197036.0
2020-12-22,9691.0,9698.5,9655.5,9662.0,73601.0,194910.0
2020-12-21,9689.0,9700.0,9638.0,9692.5,110814.0,194919.0
2020-12-18,9713.0,9713.0,9666.5,9694.5,91424.0,202830.0
2020-12-17,9680.5,9736.0,9670.5,9712.5,115306.0,194999.0
2020-12-16,9660.0,9698.5,9637.5,9664.5,114866.0,191323.0
2020-12-15,9627.5,9665.5,9614.0,9657.5,84862.0,191684.0
2020-12-14,9632.5,9675.0,9619.0,9623.0,115837.0,190474.0
2020-12-11,9610.0,9646.5,9605.5,9629.5,133704.0,167986.0
2020-12-10,9605.0,9614.5,9577.0,9613.0,109001.0,119201.0
2020-12-09,9620.0,9627.5,9593.0,9609.5,117112.0,53608.0
2020-12-08,9629.5,9636.5,9613.5,9617.0,54177.0,31932.0
2020-12-07,9613.5,9639.0,9602.0,9634.0,37759.0,10717.0
2020-12-04,9643.5,9654.5,9608.5,9622.5,11387.0,4545.0
2020-12-03,9588.5,9661.0,9582.0,9634.0,3750.0,3971.0
2020-12-02,9603.5,9610.5,9562.0,9580.5,4703.0,3222.0
2020-12-01,9601.0,9614.5,9579.5,9595.0,1175.0,2637.0
2020-11-30,9628.0,9646.5,9594.5,9601.5,1394.0,2446.0
2020-11-27,9596.0,9639.5,9590.0,9629.5,383.0,2404.0
2020-11-25,9586.0,9608.0,9577.0,9593.0,247.0,2470.0
2020-11-24,9584.0,9618.0,9562.5,9580.0,208.0,2470.0
2020-11-23,9650.5,9661.0,9574.0,9586.0,172.0,2443.0
2020-11-20,9645.5,9658.5,9641.0,9648.0,379.0,2333.0
2020-11-19,9640.5,9657.5,9612.0,9651.0,258.0,2112.0
2020-11-18,9619.5,9663.5,9618.5,9648.5,113.0,2134.0
2020-11-17,9587.0,9624.5,9584.5,9612.0,130.0,2177.0
2020-11-16,9572.0,9598.0,9528.5,9578.0,49.0,2168.0
2020-11-13,9545.5,9579.5,9527.0,9574.5,86.0,2151.0
2020-11-12,9502.5,9533.0,9497.5,9531.0,91.0,2157.0
2020-11-11,9518.0,9539.0,9477.5,9500.0,104.0,2145.0
2020-11-10,9515.5,9556.0,9496.5,9514.0,115.0,2115.0
2020-11-09,9695.0,9700.5,9482.0,9502.0,353.0,2153.0
2020-11-06,9670.5,9707.5,9655.0,9704.0,93.0,2160.0
2020-11-05,9596.5,9683.0,9587.0,9678.0,116.0,2122.0
2020-11-04,9577.0,9618.5,9511.0,9591.0,97.0,2096.0
2020-11-03,9580.5,9593.0,9578.0,9578.0,57.0,2087.0
2020-11-02,9570.5,9580.5,9546.0,9557.0,38.0,2093.0
2020-10-30,9587.5,9621.0,9565.5,9570.5,88.0,2075.0
2020-10-29,9601.0,9631.0,9567.0,9573.0,45.0,2072.0
2020-10-28,9592.5,9623.0,9584.5,9602.5,22.0,2071.0
2020-10-27,9570.5,9599.0,9553.5,9590.5,10.0,2069.0
2020-10-26,9571.0,9573.0,9538.5,9556.0,1940.0,550.0
2020-10-23,9566.0,9583.0,9549.5,9566.5,4.0,549.0
2020-10-22,9575.5,9589.5,9551.5,9554.5,13.0,551.0
2020-10-21,9496.0,9600.0,9495.0,9584.0,20.0,541.0
2020-10-20,9495.5,9504.0,9477.5,9501.5,11.0,543.0
2020-10-19,9503.0,9515.0,9497.0,9503.0,13.0,540.0
2020-10-16,9507.0,9525.0,9507.0,9507.0,4.0,540.0
2020-10-15,9521.5,9533.0,9500.0,9502.5,10.0,538.0
2020-10-14,9503.0,9539.0,9497.5,9534.0,23.0,532.0
2020-10-13,9493.0,9517.0,9488.5,9498.5,22.0,518.0
2020-10-12,9506.0,9519.5,9478.0,9512.0,2.0,519.0
2020-10-09,9466.0,9489.5,9450.0,9486.5,7.0,519.0
2020-10-08,9456.5,9459.0,9443.5,9451.5,25.0,500.0
2020-10-07,9483.5,9488.0,9444.0,9450.0,397.0,503.0
2020-10-06,9482.5,9498.0,9473.5,9493.0,28.0,500.0
2020-10-05,9493.0,9507.5,9472.0,9479.5,47.0,501.0
2020-10-02,9511.5,9550.0,9485.5,9510.5,60.0,502.0
2020-10-01,9505.5,9508.5,9482.0,9495.5,47.0,486.0
2020-09-30,9480.0,9508.0,9475.5,9501.5,68.0,493.0
2020-09-29,9514.5,9515.5,9481.0,9486.0,6.0,490.0
2020-09-28,9513.5,9522.5,9488.0,9501.0,28.0,508.0
2020-09-25,9500.0,9524.5,9486.0,9493.0,34.0,512.0
2020-09-24,9512.5,9527.5,9500.0,9509.5,80.0,501.0
2020-09-23,9539.0,9555.0,9503.5,9511.5,108.0,521.0
2020-09-22,9556.5,9604.0,9545.5,9556.5,5.0,516.0
2020-09-21,9621.5,9642.0,9560.0,9569.5,36.0,512.0
2020-09-18,9596.5,9617.0,9563.5,9592.5,6.0,512.0
2020-09-17,9590.5,9594.0,9537.5,9579.5,23.0,531.0
2020-09-16,9518.5,9568.0,9515.5,9550.5,5.0,533.0
2020-09-15,9480.0,9524.0,9480.0,9511.0,168.0,375.0
2020-09-14,9475.0,9503.0,9452.0,9489.5,6.0,369.0
2020-09-11,9454.0,9454.0,9447.0,9454.0,2.0,369.0
2020-09-10,9453.0,9458.0,9444.5,9453.0,0.0,369.0
2020-09-09,9446.5,9480.0,9442.5,9446.5,0.0,369.0
2020-09-08,9444.0,9474.0,9434.0,9460.5,11.0,358.0
2020-09-04,9445.0,9445.0,9427.0,9445.0,0.0,358.0
2020-09-03,9458.0,9458.0,9419.5,9458.0,0.0,358.0
2020-09-02,9437.0,9467.5,9437.0,9437.0,0.0,358.0
2020-09-01,9466.5,9493.0,9457.5,9466.5,0.0,358.0
2020-08-31,9475.5,9517.5,9461.5,9475.5,0.0,358.0
2020-08-28,9440.0,9526.0,9386.0,9515.0,16.0,348.0
2020-08-27,9409.5,9490.5,9408.5,9409.5,15.0,348.0
2020-08-26,9461.0,9461.0,9419.5,9461.0,0.0,348.0
2020-08-25,9432.0,9467.5,9417.5,9432.0,0.0,348.0
2020-08-24,9466.5,9483.5,9466.5,9466.5,0.0,348.0
2020-08-21,9480.0,9507.0,9463.0,9480.0,0.0,348.0
2020-08-20,9484.5,9484.5,9450.0,9484.5,0.0,348.0
2020-08-19,9473.0,9536.5,9455.5,9473.0,0.0,348.0
2020-08-18,9519.0,9529.0,9519.0,9519.0,0.0,348.0
2020-08-17,9463.5,9463.5,9414.5,9463.5,0.0,348.0
2020-08-14,9406.0,9419.5,9379.5,9417.0,14.0,348.0
2020-08-13,9385.0,9409.0,9379.5,9385.0,10.0,348.0
2020-08-12,9389.5,9419.0,9382.5,9389.5,0.0,348.0
2020-08-11,9406.5,9406.5,9406.5,9406.5,0.0,348.0
2020-08-10,9470.0,9483.5,9452.5,9470.0,0.0,348.0
2020-08-07,9471.0,9504.0,9465.5,9471.0,0.0,348.0
2020-08-06,9502.5,9519.5,9496.5,9502.5,0.0,348.0
2020-08-05,9498.5,9517.5,9482.0,9498.5,0.0,348.0
2020-08-04,9487.5,9490.5,9454.5,9485.5,4.0,348.0
2020-08-03,9467.5,9497.0,9431.0,9467.5,36.0,348.0
2020-07-31,9494.0,9624.5,9468.5,9488.0,2.0,348.0
2020-07-30,9573.0,9582.5,9537.5,9573.0,1.0,348.0
2020-07-29,9555.5,9574.5,9544.0,9555.5,0.0,348.0
2020-07-28,9543.0,9562.0,9504.0,9551.5,66.0,316.0
2020-07-27,9478.0,9526.0,9478.0,9526.0,42.0,291.0
2020-07-24,9404.5,9492.5,9398.5,9470.5,20.0,291.0
2020-07-23,9405.0,9405.0,9405.0,9405.0,1.0,291.0
2020-07-22,9394.0,9406.5,9361.5,9361.5,69.0,250.0
2020-07-21,9401.0,9408.5,9351.5,9402.5,103.0,168.0
2020-07-20,9358.0,9358.0,9340.0,9357.0,31.0,152.0
2020-07-17,9387.5,9387.5,9387.5,9387.5,0.0,152.0
2020-07-16,9374.5,9391.0,9349.5,9350.5,69.0,123.0
2020-07-15,9390.5,9411.5,9361.0,9388.0,56.0,73.0
2020-07-14,9370.0,9370.0,9350.0,9368.0,42.0,35.0
2020-07-13,9362.5,9395.5,9361.0,9362.5,0.0,35.0
2020-07-10,9392.5,9413.5,9392.5,9392.5,15.0,21.0
2020-07-09,9369.5,9375.5,9352.0,9368.0,17.0,10.0
2020-07-08,9348.0,9369.0,9329.5,9369.0,2.0,11.0
2020-07-07,9338.0,9341.0,9318.0,9341.0,2.0,12.0
2020-07-06,9345.5,9361.5,9324.0,9361.5,1.0,11.0
2020-07-02,9336.0,9354.5,9330.5,9336.0,0.0,11.0
2020-07-01,9346.0,9355.5,9292.5,9346.0,0.0,11.0
2020-06-30,9305.0,9338.0,9305.0,9305.0,0.0,11.0
2020-06-29,9346.0,9380.0,9319.0,9329.5,2.0,11.0
2020-06-26,9373.0,9406.5,9363.0,9373.0,0.0,11.0
2020-06-25,9372.5,9372.5,9355.5,9372.5,0.0,11.0
2020-06-24,9397.5,9397.5,9389.5,9397.5,0.0,11.0
2020-06-23,9439.5,9467.5,9378.0,9439.5,0.0,11.0
2020-06-22,9399.5,9408.5,9399.5,9399.5,0.0,11.0
2020-06-19,9405.0,9412.0,9396.5,9405.0,0.0,11.0
2020-06-18,9408.5,9415.5,9408.5,9408.5,0.0,11.0
2020-06-17,9387.5,9391.5,9360.5,9387.5,0.0,11.0
2020-06-16,9372.5,9372.5,9351.0,9372.5,0.0,11.0
2020-06-15,9360.5,9383.5,9351.0,9370.0,12.0,11.0
2020-06-12,9359.0,9359.0,9359.0,9359.0,0.0,11.0
2020-06-11,9413.0,9415.0,9413.0,9413.0,0.0,11.0
2020-06-10,9389.0,9389.0,9334.0,9389.0,0.0,11.0
2020-06-09,9330.5,9334.5,9277.0,9334.5,1.0,11.0
2020-06-08,9283.0,9283.0,9283.0,9283.0,0.0,11.0
2020-06-05,9174.0,9174.0,9163.0,9173.5,1.0,11.0
2020-06-04,9215.0,9241.0,9215.0,9215.0,0.0,11.0
2020-06-03,9231.5,9251.5,9231.5,9231.5,0.0,11.0
2020-06-02,9350.0,9350.0,9231.5,9248.5,6.0,10.0
2020-06-01,9344.5,9344.5,9344.5,9344.5,0.0,10.0
2020-05-29,9326.0,9369.0,9326.0,9326.0,0.0,10.0
2020-05-28,9362.5,9362.5,9323.0,9341.5,2.0,9.0
2020-05-27,9338.0,9338.0,9338.0,9338.0,0.0,9.0
2020-05-26,9352.5,9352.5,9339.5,9352.5,0.0,9.0
2020-05-22,9339.0,9350.5,9339.0,9349.5,1.0,9.0
2020-05-21,9347.0,9347.0,9346.0,9347.0,0.0,9.0
2020-05-20,9357.0,9357.0,9357.0,9357.0,0.0,9.0
2020-05-19,9334.5,9334.5,9334.5,9334.5,0.0,9.0
2020-05-18,9368.5,9368.5,9368.5,9368.5,0.0,9.0
2020-05-15,9376.5,9394.0,9376.5,9376.5,0.0,9.0
2020-05-14,9383.5,9383.5,9383.5,9383.5,0.0,9.0
2020-05-13,9406.5,9406.5,9406.5,9406.5,0.0,9.0
2020-05-12,9382.0,9382.0,9382.0,9382.0,0.0,9.0
2020-05-11,9338.0,9338.0,9338.0,9338.0,0.0,9.0
2020-05-08,9445.0,9445.0,9433.5,9433.5,1.0,8.0
2020-05-07,9510.0,9510.0,9449.5,9467.5,4.0,8.0
2020-05-06,9531.5,9531.5,9490.5,9490.5,1.0,8.0
2020-05-05,9452.5,9452.5,9452.5,9452.5,0.0,8.0
2020-05-04,9430.5,9430.5,9430.5,9430.5,0.0,8.0
2020-05-01,9420.0,9420.0,9420.0,9420.0,0.0,8.0
2020-04-30,9389.0,9389.0,9384.0,9389.0,0.0,8.0
2020-04-29,9447.5,9447.5,9447.5,9447.5,0.0,8.0
2020-04-28,9418.0,9428.0,9418.0,9427.5,1.0,8.0
2020-04-27,9392.5,9392.5,9392.5,9392.5,0.0,8.0
2020-04-24,9375.5,9375.5,9375.5,9375.5,0.0,8.0
2020-04-23,9360.0,9360.0,9360.0,9360.0,0.0,8.0
2020-04-22,9355.5,9355.5,9355.5,9355.5,0.0,8.0
2020-04-21,9355.0,9375.5,9355.0,9355.0,0.0,8.0
2020-04-20,9369.5,9369.5,9365.0,9369.5,0.0,8.0
2020-04-17,9373.0,9373.0,9360.0,9373.0,0.0,8.0
2020-04-16,9376.0,9376.0,9359.5,9376.0,0.0,8.0
2020-04-15,9393.5,9393.5,9393.5,9393.5,0.0,8.0
2020-04-14,9423.5,9423.5,9423.5,9423.5,0.0,8.0
2020-04-13,9396.5,9396.5,9396.5,9396.5,0.0,8.0
2020-04-09,9321.5,9321.5,9321.5,9321.5,0.0,8.0
2020-04-08,9285.0,9285.0,9285.0,9285.0,0.0,8.0
2020-04-07,9281.0,9281.0,9281.0,9281.0,0.0,8.0
2020-04-06,9257.0,9257.0,9250.0,9257.0,0.0,8.0
2020-04-03,9322.0,9322.0,9321.5,9322.0,0.0,8.0
2020-04-02,9362.0,9362.0,9362.0,9362.0,0.0,8.0
2020-04-01,9429.0,9429.0,9392.0,9429.0,0.0,8.0
2020-03-31,9396.5,9396.5,9334.0,9396.5,0.0,8.0
2020-03-30,9379.5,9428.0,9379.5,9379.5,0.0,8.0
2020-03-27,9403.5,9403.5,9403.5,9403.5,0.0,8.0
2020-03-26,9278.0,9278.0,9278.0,9278.0,0.0,8.0
2020-03-25,9107.0,9107.0,9107.0,9107.0,0.0,8.0
2020-03-24,9104.5,9115.5,9104.5,9104.5,0.0,8.0
2020-03-23,9091.5,9143.5,9091.5,9091.5,0.0,8.0
2020-03-20,9107.5,9172.5,9107.5,9107.5,0.0,8.0
2020-03-19,9168.0,9168.0,9168.0,9168.0,0.0,8.0
2020-03-18,9388.0,9393.0,9369.5,9379.5,1.0,8.0
2020-03-17,9387.5,9387.5,9387.5,9387.5,0.0,8.0
2020-03-16,9559.5,9559.5,9559.5,9559.5,0.0,8.0
2020-03-13,9388.5,9632.5,9388.5,9388.5,8.0,8.0
2020-03-12,9786.0,9786.0,9624.0,9624.0,8.0,2.0
2020-03-11,9674.5,9674.5,9674.5,9674.5,0.0,2.0
2020-03-10,9632.5,9632.5,9632.5,9632.5,0.0,2.0
2020-03-09,9924.0,9927.5,9924.0,9924.0,0.0,2.0
2020-03-06,9634.0,9634.0,9634.0,9634.0,0.0,2.0
2020-03-05,9523.5,9523.5,9523.5,9523.5,0.0,2.0
2020-03-04,9446.0,9446.0,9446.0,9446.0,0.0,2.0
2020-03-03,9453.0,9453.0,9407.5,9453.0,0.0,2.0
2020-03-02,9418.0,9418.0,9416.5,9418.0,0.0,2.0
2020-02-28,9432.0,9434.5,9432.0,9432.0,0.0,2.0
2020-02-27,9258.5,9267.0,9258.5,9258.5,0.0,2.0
2020-02-26,9242.0,9242.0,9242.0,9242.0,0.0,2.0
2020-02-25,9257.5,9257.5,9257.5,9257.5,0.0,2.0
2020-02-24,9203.0,9215.5,9203.0,9203.0,0.0,2.0
2020-02-21,9138.0,9138.0,9138.0,9138.0,0.0,2.0
2020-02-20,9106.0,9151.5,9106.0,9106.0,0.0,2.0
2020-02-19,9148.0,9148.0,9148.0,9148.0,0.0,2.0
2020-02-18,9289.0,9289.0,9289.0,9289.0,0.0,2.0
2020-02-14,9298.0,9298.0,9298.0,9298.0,0.0,2.0
2020-02-13,9296.0,9296.0,9296.0,9296.0,0.0,2.0
2020-02-12,9275.5,9275.5,9275.5,9275.5,0.0,2.0
2020-02-11,9303.0,9303.0,9303.0,9303.0,0.0,2.0
2020-02-10,9304.5,9304.5,9304.5,9304.5,0.0,2.0
2020-02-07,9303.0,9303.0,9303.0,9303.0,0.0,2.0
2020-02-06,9286.0,9286.0,9286.0,9286.0,0.0,2.0
2020-02-05,9300.0,9300.0,9300.0,9300.0,0.0,2.0
2020-02-04,9328.5,9328.5,9328.5,9328.5,0.0,2.0
2020-02-03,9395.5,9395.5,9395.5,9395.5,0.0,2.0
2020-01-31,9421.5,9421.5,9421.5,9421.5,0.0,2.0
2020-01-30,9386.0,9386.0,9386.0,9386.0,0.0,2.0
2020-01-29,9370.5,9370.5,9370.5,9370.5,0.0,2.0
2020-01-28,9364.5,9364.5,9364.5,9364.5,0.0,2.0
2020-01-27,9382.5,9382.5,9382.5,9382.5,0.0,2.0
2020-01-24,9357.0,9357.0,9357.0,9357.0,0.0,2.0
2020-01-23,9336.0,9336.0,9336.0,9336.0,0.0,2.0
2020-01-22,9307.5,9307.5,9307.5,9307.5,0.0,2.0
2020-01-21,9317.0,9317.0,9317.0,9317.0,0.0,2.0
2020-01-17,9295.0,9295.0,9280.0,9291.0,3.0,3.0
2020-01-16,9312.0,9312.0,9291.0,9291.0,2.0,1.0
2020-01-15,9311.5,9311.5,9311.5,9311.5,0.0,1.0
2020-01-14,9305.5,9305.5,9305.5,9305.5,0.0,1.0
2020-01-13,9314.0,9314.0,9314.0,9314.0,0.0,1.0
2020-01-10,9347.5,9347.5,9347.5,9347.5,0.0,1.0
2020-01-09,9349.5,9349.5,9349.5,9349.5,0.0,1.0
2020-01-08,9375.5,9470.5,9375.5,9375.5,0.0,1.0
2020-01-07,9433.5,9433.5,9433.5,9433.5,0.0,1.0
2020-01-06,9441.5,9441.5,9441.5,9441.5,0.0,1.0
2020-01-03,9479.0,9479.0,9479.0,9479.0,0.0,1.0
2020-01-02,9438.5,9438.5,9438.5,9438.5,0.0,1.0
2019-12-31,9436.5,9436.5,9436.5,9436.5,0.0,1.0
2019-12-30,9415.5,9415.5,9415.5,9415.5,0.0,1.0
2019-12-27,9366.0,9366.0,9366.0,9366.0,0.0,1.0
2019-12-26,9349.0,9349.0,9349.0,9349.0,0.0,1.0
2019-12-24,9373.0,9373.0,9373.0,9373.0,0.0,1.0
2019-12-23,9374.5,9374.5,9374.5,9374.5,0.0,1.0
2019-12-20,9366.5,9366.5,9366.5,9366.5,0.0,1.0
2019-12-19,9386.0,9386.0,9386.0,9386.0,0.0,1.0
2019-12-18,9422.5,9422.5,9365.0,9365.0,1.0,0.0
2019-12-17,9373.0,9373.0,9373.0,9373.0,0.0,0.0
2019-12-16,9366.5,9366.5,9366.5,9366.5,0.0,0.0
2019-12-13,9386.5,9386.5,9386.5,9386.5,0.0,0.0
2019-12-12,9389.0,9389.0,9389.0,9389.0,0.0,0.0
2019-12-11,9461.5,9461.5,9461.5,9461.5,0.0,0.0
2019-12-10,9443.5,9443.5,9443.5,9443.5,0.0,0.0
2019-12-09,9448.5,9448.5,9448.5,9448.5,0.0,0.0
2019-12-06,9455.5,9455.5,9455.5,9455.5,0.0,0.0
2019-12-05,9437.5,9437.5,9437.5,9437.5,0.0,0.0
2019-12-04,9421.5,9421.5,9421.5,9421.5,0.0,0.0
2019-12-03,9449.5,9449.5,9449.5,9449.5,0.0,0.0
2019-12-02,9423.0,9423.0,9423.0,9423.0,0.0,0.0
2019-11-29,9387.0,9387.0,9387.0,9387.0,0.0,0.0
2019-11-27,9376.5,9376.5,9376.5,9376.5,0.0,0.0
2019-11-26,9422.0,9422.0,9422.0,9422.0,0.0,0.0
2019-11-25,9429.5,9429.5,9429.5,9429.5,0.0,0.0
2019-11-22,9458.0,9458.0,9458.0,9458.0,0.0,0.0
2019-11-21,9455.5,9455.5,9455.5,9455.5,0.0,0.0
2019-11-20,9456.5,9456.5,9456.5,9456.5,0.0,0.0
2019-11-19,9467.0,9467.0,9467.0,9467.0,0.0,0.0
2019-11-18,9449.0,9460.0,9449.0,9460.0,1.0,1.0
2019-11-15,9448.0,9448.0,9448.0,9448.0,0.0,1.0
2019-11-14,9487.5,9487.5,9487.5,9487.5,0.0,1.0
2019-11-13,9460.0,9460.0,9460.0,9460.0,0.0,1.0
2019-11-12,9446.5,9446.5,9446.5,9446.5,0.0,1.0
2019-11-11,9441.0,9441.0,9441.0,9441.0,0.0,1.0
2019-11-08,9429.0,9429.0,9429.0,9429.0,0.0,1.0
2019-11-07,9440.0,9440.0,9416.0,9416.0,1.0,0.0
2019-11-06,9444.0,9444.0,9444.0,9444.0,0.0,0.0
2019-11-05,9423.0,9423.0,9423.0,9423.0,0.0,0.0
2019-11-04,9477.5,9477.5,9477.5,9477.5,0.0,0.0
2019-11-01,9506.0,9506.0,9506.0,9506.0,0.0,0.0
2019-10-31,9523.0,9523.0,9523.0,9523.0,0.0,0.0
2019-10-30,9448.0,9448.0,9448.0,9448.0,0.0,0.0
2019-10-29,9469.5,9469.5,9469.5,9469.5,0.0,0.0
2019-10-28,9453.0,9453.0,9453.0,9453.0,0.0,0.0
2019-10-25,9481.0,9481.0,9481.0,9481.0,0.0,0.0
2019-10-24,9485.5,9485.5,9485.5,9485.5,0.0,0.0
2019-10-23,9483.5,9483.5,9483.5,9483.5,0.0,0.0
2019-10-22,9506.0,9506.0,9506.0,9506.0,0.0,0.0
2019-10-21,9493.5,9493.5,9493.5,9493.5,0.0,0.0
2019-10-18,9505.0,9505.0,9505.0,9505.0,0.0,0.0
2019-10-17,9487.5,9487.5,9487.5,9487.5,0.0,0.0
2019-10-16,9479.5,9479.5,9479.5,9479.5,0.0,0.0
2019-10-15,9477.0,9477.0,9477.0,9477.0,0.0,0.0
2019-10-14,9520.5,9520.5,9520.5,9520.5,0.0,0.0
2019-10-11,9508.5,9508.5,9508.5,9508.5,0.0,0.0
2019-10-10,9554.5,9554.5,9554.5,9554.5,0.0,0.0
2019-10-09,9582.0,9582.0,9582.0,9582.0,0.0,0.0
2019-10-08,9620.0,9620.0,9620.0,9620.0,0.0,0.0
2019-10-07,9606.5,9606.5,9606.5,9606.5,0.0,0.0
2019-10-04,9643.0,9643.0,9643.0,9643.0,0.0,0.0
2019-10-03,9634.5,9634.5,9634.5,9634.5,0.0,0.0
2019-10-02,9619.5,9619.5,9619.5,9619.5,0.0,0.0
2019-10-01,9576.5,9576.5,9576.5,9576.5,0.0,0.0
2019-09-30,9556.0,9556.0,9556.0,9556.0,0.0,0.0
2019-09-27,9579.5,9579.5,9579.5,9579.5,0.0,0.0
2019-09-26,9587.5,9587.5,9587.5,9587.5,0.0,0.0
2019-09-25,9590.0,9590.0,9590.0,9590.0,0.0,0.0
2019-09-24,9656.0,9656.0,9656.0,9656.0,0.0,0.0
2019-09-23,9622.0,9622.0,9622.0,9622.0,0.0,0.0
2019-09-20,9609.0,9609.0,9609.0,9609.0,0.0,0.0
2019-09-19,9585.0,9585.0,9585.0,9585.0,0.0,0.0
2019-09-18,9547.5,9547.5,9547.5,9547.5,0.0,0.0
2019-09-17,9566.5,9566.5,9566.5,9566.5,0.0,0.0
2019-09-16,9583.0,9583.0,9583.0,9583.0,0.0,0.0
2019-09-13,9573.5,9573.5,9573.5,9573.5,0.0,0.0
2019-09-12,9569.5,9569.5,9569.5,9569.5,0.0,0.0
2019-09-11,9601.0,9601.0,9601.0,9601.0,0.0,0.0
2019-09-10,9635.0,9635.0,9635.0,9635.0,0.0,0.0
2019-09-09,9649.0,9649.0,9649.0,9649.0,0.0,0.0
2019-09-06,9665.0,9665.0,9665.0,9665.0,0.0,0.0
2019-09-05,9664.5,9664.5,9664.5,9664.5,0.0,0.0
2019-09-04,9705.0,9705.0,9705.0,9705.0,0.0,0.0
2019-09-03,9741.0,9741.0,9741.0,9741.0,0.0,0.0
2019-08-30,9731.5,9731.5,9731.5,9731.5,0.0,0.0
2019-08-29,9697.0,9697.0,9697.0,9697.0,0.0,0.0
2019-08-28,9751.0,9751.0,9751.0,9751.0,0.0,0.0
2019-08-27,9775.5,9775.5,9775.5,9775.5,0.0,0.0
2019-08-26,9743.0,9743.0,9743.0,9743.0,0.0,0.0
2019-08-23,9820.5,9820.5,9820.5,9820.5,0.0,0.0
2019-08-22,9727.0,9727.0,9727.0,9727.0,0.0,0.0
2019-08-21,9704.5,9704.5,9704.5,9704.5,0.0,0.0
2019-08-20,9725.5,9725.5,9725.5,9725.5,0.0,0.0
2019-08-19,9703.0,9703.0,9703.0,9703.0,0.0,0.0
2019-08-16,9730.5,9730.5,9730.5,9730.5,0.0,0.0
2019-08-15,9747.0,9747.0,9747.0,9747.0,0.0,0.0
2019-08-14,9785.0,9785.0,9785.0,9785.0,0.0,0.0
2019-08-13,9725.0,9725.0,9725.0,9725.0,0.0,0.0
2019-08-12,9839.5,9839.5,9839.5,9839.5,0.0,0.0
2019-08-09,9815.5,9815.5,9815.5,9815.5,0.0,0.0
2019-08-08,9776.0,9776.0,9776.0,9776.0,0.0,0.0
2019-08-07,9756.5,9756.5,9756.5,9756.5,0.0,0.0
2019-08-06,9730.5,9730.5,9730.5,9730.5,0.0,0.0
2019-08-05,9774.0,9774.0,9774.0,9774.0,0.0,0.0
2019-08-02,9747.0,9747.0,9747.0,9747.0,0.0,0.0
2019-08-01,9678.5,9678.5,9678.5,9678.5,0.0,0.0
2019-07-31,9568.5,9568.5,9568.5,9568.5,0.0,0.0
2019-07-30,9592.5,9592.5,9592.5,9592.5,0.0,0.0
2019-07-29,9569.5,9569.5,9569.5,9569.5,0.0,0.0
2019-07-26,9582.0,9582.0,9582.0,9582.0,0.0,0.0
2019-07-25,9572.5,9572.5,9572.5,9572.5,0.0,0.0
2019-07-24,9617.5,9617.5,9617.5,9617.5,0.0,0.0
2019-07-23,9612.5,9612.5,9612.5,9612.5,0.0,0.0
2019-07-22,9644.0,9644.0,9644.0,9644.0,0.0,0.0
2019-07-19,9650.5,9650.5,9650.5,9650.5,0.0,0.0
2019-07-18,9678.5,9678.5,9678.5,9678.5,0.0,0.0
2019-07-17,9630.0,9630.0,9630.0,9630.0,0.0,0.0
2019-07-16,9612.0,9612.0,9612.0,9612.0,0.0,0.0
2019-07-15,9649.0,9649.0,9649.0,9649.0,0.0,0.0
2019-07-12,9660.5,9660.5,9660.5,9660.5,0.0,0.0
2019-07-11,9602.0,9602.0,9602.0,9602.0,0.0,0.0
2019-07-10,9603.0,9603.0,9603.0,9603.0,0.0,0.0
2019-07-09,9575.0,9575.0,9575.0,9575.0,0.0,0.0
2019-07-08,9586.0,9586.0,9586.0,9586.0,0.0,0.0
2019-07-05,9601.5,9601.5,9601.5,9601.5,0.0,0.0
2019-07-03,9652.0,9652.0,9652.0,9652.0,0.0,0.0
2019-07-02,9653.5,9653.5,9653.5,9653.5,0.0,0.0
2019-07-01,9601.5,9601.5,9601.5,9601.5,0.0,0.0
2019-06-28,9655.0,9655.0,9655.0,9655.0,0.0,0.0
2019-06-27,9653.5,9653.5,9653.5,9653.5,0.0,0.0
2019-06-26,9650.5,9650.5,9650.5,9650.5,0.0,0.0
2019-06-25,9709.0,9709.0,9709.0,9709.0,0.0,0.0
2019-06-24,9693.0,9693.0,9693.0,9693.0,0.0,0.0
2019-06-21,9694.0,9694.0,9694.0,9694.0,0.0,0.0
2019-06-20,9700.5,9700.5,9700.5,9700.5,0.0,0.0
2019-06-19,9664.0,9664.0,9664.0,9664.0,0.0,0.0
2019-06-18,9616.5,9616.5,9616.5,9616.5,0.0,0.0
2019-06-17,9603.5,9603.5,9603.5,9603.5,0.0,0.0
2019-06-14,9600.5,9600.5,9600.5,9600.5,0.0,0.0
2019-06-13,9619.5,9619.5,9619.5,9619.5,0.0,0.0
2019-06-12,9617.0,9617.0,9617.0,9617.0,0.0,0.0
2019-06-11,9624.0,9624.0,9624.0,9624.0,0.0,0.0
2019-06-10,9627.5,9627.5,9627.5,9627.5,0.0,0.0
2019-06-07,9644.0,9644.0,9644.0,9644.0,0.0,0.0
2019-06-06,9616.0,9616.0,9616.0,9616.0,0.0,0.0
2019-06-05,9620.0,9620.0,9620.0,9620.0,0.0,0.0
2019-06-04,9656.0,9656.0,9656.0,9656.0,0.0,0.0
2019-06-03,9652.0,9652.0,9652.0,9652.0,0.0,0.0
2019-05-31,9640.0,9640.0,9640.0,9640.0,0.0,0.0
2019-05-30,9558.0,9558.0,9558.0,9558.0,0.0,0.0
2019-05-29,9570.5,9570.5,9570.5,9570.5,0.0,0.0
2019-05-28,9572.5,9572.5,9572.5,9572.5,0.0,0.0
2019-05-24,9590.0,9590.0,9590.0,9590.0,0.0,0.0
2019-05-23,9577.0,9577.0,9577.0,9577.0,0.0,0.0
2019-05-22,9524.0,9524.0,9524.0,9524.0,0.0,0.0
2019-05-21,9499.5,9499.5,9499.5,9499.5,0.0,0.0
2019-05-20,9552.5,9552.5,9552.5,9552.5,0.0,0.0
2019-05-17,9541.0,9541.0,9541.0,9541.0,0.0,0.0
2019-05-16,9562.5,9562.5,9562.5,9562.5,0.0,0.0
2019-05-15,9587.0,9587.0,9587.0,9587.0,0.0,0.0
2019-05-14,9588.0,9588.0,9588.0,9588.0,0.0,0.0
2019-05-13,9609.5,9609.5,9609.5,9609.5,0.0,0.0
2019-05-10,9573.0,9573.0,9573.0,9573.0,0.0,0.0
2019-05-09,9593.5,9593.5,9593.5,9593.5,0.0,0.0
2019-05-08,9560.5,9560.5,9560.5,9560.5,0.0,0.0
2019-05-07,9547.0,9547.0,9547.0,9547.0,0.0,0.0
2019-05-06,9499.0,9499.0,9499.0,9499.0,0.0,0.0
2019-05-03,9490.0,9490.0,9490.0,9490.0,0.0,0.0
2019-05-02,9455.5,9455.5,9455.5,9455.5,0.0,0.0
2019-05-01,9434.5,9434.5,9434.5,9434.5,0.0,0.0
2019-04-30,9456.0,9456.0,9456.0,9456.0,0.0,0.0
2019-04-29,9428.5,9428.5,9428.5,9428.5,0.0,0.0
2019-04-26,9437.5,9437.5,9437.5,9437.5,0.0,0.0
2019-04-25,9442.5,9442.5,9442.5,9442.5,0.0,0.0
2019-04-24,9385.5,9385.5,9385.5,9385.5,0.0,0.0
2019-04-23,9436.0,9436.0,9436.0,9436.0,0.0,0.0
2019-04-22,9433.0,9433.0,9433.0,9433.0,0.0,0.0
2019-04-18,9430.0,9430.0,9430.0,9430.0,0.0,0.0
2019-04-17,9427.0,9427.0,9427.0,9427.0,0.0,0.0
2019-04-16,9434.0,9434.0,9434.0,9434.0,0.0,0.0
2019-04-15,9432.0,9432.0,9432.0,9432.0,0.0,0.0
2019-04-12,9427.0,9427.0,9427.0,9427.0,0.0,0.0
2019-04-11,9455.5,9455.5,9455.5,9455.5,0.0,0.0
2019-04-10,9513.0,9513.0,9513.0,9513.0,0.0,0.0
2019-04-09,9508.5,9508.5,9508.5,9508.5,0.0,0.0
2019-04-08,9475.5,9475.5,9475.5,9475.5,0.0,0.0
2019-04-05,9456.0,9456.0,9456.0,9456.0,0.0,0.0
2019-04-04,9462.0,9462.0,9462.0,9462.0,0.0,0.0
2019-04-03,9477.0,9477.0,9477.0,9477.0,0.0,0.0
2019-04-02,9482.5,9482.5,9482.5,9482.5,0.0,0.0
2019-04-01,9486.0,9486.0,9486.0,9486.0,0.0,0.0
2019-03-29,9526.5,9526.5,9526.5,9526.5,0.0,0.0
2019-03-28,9537.5,9537.5,9537.5,9537.5,0.0,0.0
2019-03-27,9550.0,9550.0,9550.0,9550.0,0.0,0.0
2019-03-26,9548.0,9548.0,9548.0,9548.0,0.0,0.0
2019-03-25,9580.5,9580.5,9580.5,9580.5,0.0,0.0
2019-03-22,9600.5,9600.5,9600.5,9600.5,0.0,0.0
2019-03-21,9554.5,9554.5,9554.5,9554.5,0.0,0.0
2019-03-20,9579.5,9579.5,9579.5,9579.5,0.0,0.0
2019-03-19,9514.0,9514.0,9514.0,9514.0,0.0,0.0
2019-03-18,9515.5,9515.5,9515.5,9515.5,0.0,0.0
2019-03-15,9510.5,9510.5,9510.5,9510.5,0.0,0.0
2019-03-14,9489.0,9489.0,9489.0,9489.0,0.0,0.0
2019-03-13,9553.5,9553.5,9553.5,9553.5,0.0,0.0
2019-03-12,9534.5,9534.5,9534.5,9534.5,0.0,0.0
2019-03-11,9547.0,9547.0,9547.0,9547.0,0.0,0.0
2019-03-08,9556.0,9556.0,9556.0,9556.0,0.0,0.0
2019-03-07,9518.0,9518.0,9518.0,9518.0,0.0,0.0
2019-03-06,9506.0,9506.0,9506.0,9506.0,0.0,0.0
2019-03-05,9499.0,9499.0,9499.0,9499.0,0.0,0.0
2019-03-04,9513.5,9513.5,9513.5,9513.5,0.0,0.0
2019-03-01,9494.5,9494.5,9494.5,9494.5,0.0,0.0
2019-02-28,9542.5,9542.5,9542.5,9542.5,0.0,0.0
2019-02-27,9572.5,9572.5,9572.5,9572.5,0.0,0.0
2019-02-26,9619.0,9619.0,9619.0,9619.0,0.0,0.0
2019-02-25,9572.0,9572.0,9572.0,9572.0,0.0,0.0
2019-02-22,9606.0,9606.0,9606.0,9606.0,0.0,0.0
2019-02-21,9619.5,9619.5,9619.5,9619.5,0.0,0.0
2019-02-20,9602.5,9602.5,9602.5,9602.5,0.0,0.0
2019-02-19,9625.0,9625.0,9625.0,9625.0,0.0,0.0
2019-02-15,9648.5,9648.5,9648.5,9648.5,0.0,0.0
2019-02-14,9641.5,9641.5,9641.5,9641.5,0.0,0.0
2019-02-13,9606.5,9606.5,9606.5,9606.5,0.0,0.0
2019-02-12,9645.5,9645.5,9645.5,9645.5,0.0,0.0
2019-02-11,9653.5,9653.5,9653.5,9653.5,0.0,0.0
2019-02-08,9704.0,9704.0,9704.0,9704.0,0.0,0.0
2019-02-07,9703.0,9703.0,9703.0,9703.0,0.0,0.0
2019-02-06,9699.0,9699.0,9699.0,9699.0,0.0,0.0
2019-02-05,9700.0,9700.0,9700.0,9700.0,0.0,0.0
2019-02-04,9705.0,9705.0,9705.0,9705.0,0.0,0.0
2019-02-01,9738.0,9738.0,9738.0,9738.0,0.0,0.0
2019-01-31,9785.0,9785.0,9785.0,9785.0,0.0,0.0
2019-01-30,9806.5,9806.5,9806.5,9806.5,0.0,0.0
2019-01-29,9777.0,9777.0,9777.0,9777.0,0.0,0.0
2019-01-28,9772.0,9772.0,9772.0,9772.0,0.0,0.0
2019-01-25,9751.5,9751.5,9751.5,9751.5,0.0,0.0
2019-01-24,9740.0,9740.0,9740.0,9740.0,0.0,0.0
2019-01-23,9755.0,9755.0,9755.0,9755.0,0.0,0.0
2019-01-22,9781.0,9781.0,9781.0,9781.0,0.0,0.0
2019-01-18,9749.0,9749.0,9749.0,9749.0,0.0,0.0
2019-01-17,9784.0,9784.0,9784.0,9784.0,0.0,0.0
2019-01-16,9814.0,9814.0,9814.0,9814.0,0.0,0.0
2019-01-15,9847.0,9847.0,9847.0,9847.0,0.0,0.0
2019-01-14,9875.5,9875.5,9875.5,9875.5,0.0,0.0
2019-01-11,9848.0,9848.0,9848.0,9848.0,0.0,0.0
2019-01-10,9856.0,9856.0,9856.0,9856.0,0.0,0.0
2019-01-09,9870.0,9870.0,9870.0,9870.0,0.0,0.0
2019-01-08,9841.0,9841.0,9841.0,9841.0,0.0,0.0
2019-01-07,9836.0,9836.0,9836.0,9836.0,0.0,0.0
2019-01-04,9840.5,9840.5,9840.5,9840.5,0.0,0.0
2019-01-03,9894.5,9894.5,9894.5,9894.5,0.0,0.0
2019-01-02,9787.0,9787.0,9787.0,9787.0,0.0,0.0
2018-12-31,9745.5,9745.5,9745.5,9745.5,0.0,0.0
2018-12-28,9683.0,9683.0,9683.0,9683.0,0.0,0.0
2018-12-27,9658.5,9658.5,9658.5,9658.5,0.0,0.0
2018-12-26,9601.0,9601.0,9601.0,9601.0,0.0,0.0
2018-12-24,9700.0,9700.0,9700.0,9700.0,0.0,0.0
2018-12-21,9629.5,9629.5,9629.5,9629.5,0.0,0.0
2018-12-20,9651.5,9651.5,9651.5,9651.5,0.0,0.0
2018-12-19,9553.5,9553.5,9553.5,9553.5,0.0,0.0
2018-12-18,9536.5,9536.5,9536.5,9536.5,0.0,0.0
2018-12-17,9527.5,9527.5,9527.5,9527.5,0.0,0.0
2018-12-14,9489.0,9489.0,9489.0,9489.0,0.0,0.0
2018-12-13,9464.5,9464.5,9464.5,9464.5,0.0,0.0
2018-12-12,9506.5,9506.5,9506.5,9506.5,0.0,0.0
2018-12-11,9483.5,9483.5,9483.5,9483.5,0.0,0.0
2018-12-10,9500.5,9500.5,9500.5,9500.5,0.0,0.0
2018-12-07,9549.5,9549.5,9549.5,9549.5,0.0,0.0
2018-12-06,9563.5,9563.5,9563.5,9563.5,0.0,0.0
2018-12-05,9527.5,9527.5,9527.5,9527.5,0.0,0.0
2018-12-04,9561.5,9561.5,9561.5,9561.5,0.0,0.0
2018-12-03,9492.5,9492.5,9492.5,9492.5,0.0,0.0
2018-11-30,9498.0,9498.0,9498.0,9498.0,0.0,0.0
2018-11-29,9510.5,9510.5,9510.5,9510.5,0.0,0.0
2018-11-28,9505.0,9505.0,9505.0,9505.0,0.0,0.0
2018-11-27,9490.0,9490.0,9490.0,9490.0,0.0,0.0
2018-11-26,9505.5,9505.5,9505.5,9505.5,0.0,0.0
2018-11-23,9576.0,9576.0,9576.0,9576.0,0.0,0.0
2018-11-21,9559.5,9559.5,9559.5,9559.5,0.0,0.0
2018-11-20,9586.0,9586.0,9586.0,9586.0,0.0,0.0
2018-11-19,9599.0,9599.0,9599.0,9599.0,0.0,0.0
2018-11-16,9584.0,9584.0,9584.0,9584.0,0.0,0.0
2018-11-15,9537.0,9537.0,9537.0,9537.0,0.0,0.0
2018-11-14,9544.5,9544.5,9544.5,9544.5,0.0,0.0
2018-11-13,9525.5,9525.5,9525.5,9525.5,0.0,0.0
2018-11-12,9527.5,9527.5,9527.5,9527.5,0.0,0.0
2018-11-09,9535.0,9535.0,9535.0,9535.0,0.0,0.0
2018-11-08,9523.5,9523.5,9523.5,9523.5,0.0,0.0
2018-11-07,9573.5,9573.5,9573.5,9573.5,0.0,0.0
2018-11-06,9569.5,9569.5,9569.5,9569.5,0.0,0.0
2018-11-05,9581.0,9581.0,9581.0,9581.0,0.0,0.0
2018-11-02,9573.0,9573.0,9573.0,9573.0,0.0,0.0
2018-11-01,9614.0,9614.0,9614.0,9614.0,0.0,0.0
2018-10-31,9589.5,9589.5,9589.5,9589.5,0.0,0.0
2018-10-30,9590.0,9590.0,9590.0,9590.0,0.0,0.0
2018-10-29,9650.0,9650.0,9650.0,9650.0,0.0,0.0
2018-10-26,9689.5,9689.5,9689.5,9689.5,0.0,0.0
2018-10-25,9633.5,9633.5,9633.5,9633.5,0.0,0.0
2018-10-24,9645.0,9645.0,9645.0,9645.0,0.0,0.0
2018-10-23,9647.5,9647.5,9647.5,9647.5,0.0,0.0
2018-10-22,9628.5,9628.5,9628.5,9628.5,0.0,0.0
2018-10-19,9652.0,9652.0,9652.0,9652.0,0.0,0.0
2018-10-18,9683.5,9683.5,9683.5,9683.5,0.0,0.0
2018-10-17,9656.5,9656.5,9656.5,9656.5,0.0,0.0
2018-10-16,9683.0,9683.0,9683.0,9683.0,0.0,0.0
2018-10-15,9708.5,9708.5,9708.5,9708.5,0.0,0.0
2018-10-12,9693.0,9693.0,9693.0,9693.0,0.0,0.0
2018-10-11,9699.0,9699.0,9699.0,9699.0,0.0,0.0
2018-10-10,9647.0,9647.0,9647.0,9647.0,0.0,0.0
2018-10-09,9609.0,9609.0,9609.0,9609.0,0.0,0.0
2018-10-08,9613.0,9613.0,9613.0,9613.0,0.0,0.0
2018-10-05,9551.5,9551.5,9551.5,9551.5,0.0,0.0
2018-10-04,9536.0,9536.0,9536.0,9536.0,0.0,0.0
2018-10-03,9492.5,9492.5,9492.5,9492.5,0.0,0.0
2018-10-02,9537.5,9537.5,9537.5,9537.5,0.0,0.0
2018-10-01,9513.5,9513.5,9513.5,9513.5,0.0,0.0
2018-09-28,9546.5,9546.5,9546.5,9546.5,0.0,0.0
2018-09-27,9568.0,9568.0,9568.0,9568.0,0.0,0.0
2018-09-26,9620.0,9620.0,9620.0,9620.0,0.0,0.0
2018-09-25,9617.5,9617.5,9617.5,9617.5,0.0,0.0
2018-09-24,9631.0,9631.0,9631.0,9631.0,0.0,0.0
2018-09-21,9644.5,9644.5,9644.5,9644.5,0.0,0.0
2018-09-20,9651.5,9651.5,9651.5,9651.5,0.0,0.0
2018-09-19,9673.5,9673.5,9673.5,9673.5,0.0,0.0
2018-09-18,9661.0,9661.0,9661.0,9661.0,0.0,0.0
2018-09-17,9705.5,9705.5,9705.5,9705.5,0.0,0.0
2018-09-14,9691.0,9691.0,9691.0,9691.0,0.0,0.0
2018-09-13,9697.5,9697.5,9697.5,9697.5,0.0,0.0
2018-09-12,9756.5,9756.5,9756.5,9756.5,0.0,0.0
2018-09-11,9728.0,9728.0,9728.0,9728.0,0.0,0.0
2018-09-10,9753.5,9753.5,9753.5,9753.5,0.0,0.0
2018-09-07,9771.5,9771.5,9771.5,9771.5,0.0,0.0
2018-09-06,9774.0,9774.0,9774.0,9774.0,0.0,0.0
2018-09-05,9721.0,9721.0,9721.0,9721.0,0.0,0.0
2018-09-04,9726.5,9726.5,9726.5,9726.5,0.0,0.0
2018-08-31,9759.0,9759.0,9759.0,9759.0,0.0,0.0
2018-08-30,9764.0,9764.0,9764.0,9764.0,0.0,0.0
2018-08-29,9712.0,9712.0,9712.0,9712.0,0.0,0.0
2018-08-28,9750.5,9750.5,9750.5,9750.5,0.0,0.0
2018-08-27,9756.5,9756.5,9756.5,9756.5,0.0,0.0
2018-08-24,9743.0,9743.0,9743.0,9743.0,0.0,0.0
2018-08-23,9734.0,9734.0,9734.0,9734.0,0.0,0.0
2018-08-22,9800.0,9800.0,9800.0,9800.0,0.0,0.0
2018-08-21,9818.0,9818.0,9818.0,9818.0,0.0,0.0
2018-08-20,9835.5,9835.5,9835.5,9835.5,0.0,0.0
2018-08-17,9801.5,9801.5,9801.5,9801.5,0.0,0.0
2018-08-16,9781.5,9781.5,9781.5,9781.5,0.0,0.0
2018-08-15,9803.0,9803.0,9803.0,9803.0,0.0,0.0
2018-08-14,9756.5,9756.5,9756.5,9756.5,0.0,0.0
2018-08-13,9803.0,9803.0,9803.0,9803.0,0.0,0.0
2018-08-10,9802.5,9802.5,9802.5,9802.5,0.0,0.0
2018-08-09,9780.0,9780.0,9780.0,9780.0,0.0,0.0
2018-08-08,9793.0,9793.0,9793.0,9793.0,0.0,0.0
2018-08-07,9756.0,9756.0,9756.0,9756.0,0.0,0.0
2018-08-06,9753.0,9753.0,9753.0,9753.0,0.0,0.0
2018-08-03,9768.0,9768.0,9768.0,9768.0,0.0,0.0
2018-08-02,9733.0,9733.0,9733.0,9733.0,0.0,0.0
2018-08-01,9749.0,9749.0,9749.0,9749.0,0.0,0.0
2018-07-31,9724.0,9724.0,9724.0,9724.0,0.0,0.0
2018-07-30,9793.5,9793.5,9793.5,9793.5,0.0,0.0
2018-07-27,9797.5,9797.5,9797.5,9797.5,0.0,0.0
2018-07-26,9778.0,9778.0,9778.0,9778.0,0.0,0.0
2018-07-25,9809.5,9809.5,9809.5,9809.5,0.0,0.0
2018-07-24,9777.5,9777.5,9777.5,9777.5,0.0,0.0
2018-07-23,9754.0,9754.0,9754.0,9754.0,0.0,0.0
2018-07-20,9746.0,9746.0,9746.0,9746.0,0.0,0.0
2018-07-19,9662.5,9662.5,9662.5,9662.5,0.0,0.0
2018-07-18,9636.0,9636.0,9636.0,9636.0,0.0,0.0
2018-07-17,9637.0,9637.0,9637.0,9637.0,0.0,0.0
2018-07-16,9681.0,9681.0,9681.0,9681.0,0.0,0.0
2018-07-13,9672.5,9672.5,9672.5,9672.5,0.0,0.0
2018-07-12,9667.5,9667.5,9667.5,9667.5,0.0,0.0
2018-07-11,9702.0,9702.0,9702.0,9702.0,0.0,0.0
2018-07-10,9775.5,9775.5,9775.5,9775.5,0.0,0.0
2018-07-09,9819.5,9819.5,9819.5,9819.5,0.0,0.0
2018-07-06,9848.0,9848.0,9848.0,9848.0,0.0,0.0
2018-07-05,9829.0,9829.0,9829.0,9829.0,0.0,0.0
2018-07-03,9837.5,9837.5,9837.5,9837.5,0.0,0.0
2018-07-02,9819.0,9819.0,9819.0,9819.0,0.0,0.0
2018-06-29,9814.5,9814.5,9814.5,9814.5,0.0,0.0
2018-06-28,9841.0,9841.0,9841.0,9841.0,0.0,0.0
2018-06-27,9875.0,9875.0,9875.0,9875.0,0.0,0.0
2018-06-26,9888.5,9888.5,9888.5,9888.5,0.0,0.0
2018-06-25,9958.0,9958.0,9958.0,9958.0,0.0,0.0
2018-06-22,9923.5,9923.5,9923.5,9923.5,0.0,0.0
2018-06-21,9924.5,9924.5,9924.5,9924.5,0.0,0.0
2018-06-20,9880.0,9880.0,9880.0,9880.0,0.0,0.0
2018-06-19,9909.0,9909.0,9909.0,9909.0,0.0,0.0
2018-06-18,9880.0,9880.0,9880.0,9880.0,0.0,0.0
2018-06-15,9868.5,9868.5,9868.5,9868.5,0.0,0.0
2018-06-14,9876.0,9876.0,9876.0,9876.0,0.0,0.0
2018-06-13,9879.0,9879.0,9879.0,9879.0,0.0,0.0
2018-06-12,9900.5,9900.5,9900.5,9900.5,0.0,0.0
2018-06-11,9933.5,9933.5,9933.5,9933.5,0.0,0.0
2018-06-08,9970.5,9970.5,9970.5,9970.5,0.0,0.0
2018-06-07,9948.5,9948.5,9948.5,9948.5,0.0,0.0
2018-06-06,9919.0,9919.0,9919.0,9919.0,0.0,0.0
2018-06-05,9946.0,9946.0,9946.0,9946.0,0.0,0.0
2018-06-04,9954.5,9954.5,9954.5,9954.5,0.0,0.0
2018-06-01,9966.0,9966.0,9966.0,9966.0,0.0,0.0
2018-05-31,10033.5,10033.5,10033.5,10033.5,0.0,0.0
2018-05-30,10010.0,10010.0,10010.0,10010.0,0.0,0.0
2018-05-29,10061.0,10061.0,10061.0,10061.0,0.0,0.0
2018-05-25,9979.5,9979.5,9979.5,9979.5,0.0,0.0
2018-05-24,9997.0,9997.0,9997.0,9997.0,0.0,0.0
2018-05-23,9944.0,9944.0,9944.0,9944.0,0.0,0.0
2018-05-22,9866.0,9866.0,9866.0,9866.0,0.0,0.0
2018-05-21,9855.0,9855.0,9855.0,9855.0,0.0,0.0
2018-05-18,9890.0,9890.0,9890.0,9890.0,0.0,0.0
2018-05-17,9889.0,9889.0,9889.0,9889.0,0.0,0.0
2018-05-16,9937.5,9937.5,9937.5,9937.5,0.0,0.0
2018-05-15,9923.0,9923.0,9923.0,9923.0,0.0,0.0
2018-05-14,9972.0,9972.0,9972.0,9972.0,0.0,0.0
2018-05-11,10007.5,10007.5,10007.5,10007.5,0.0,0.0
2018-05-10,10004.0,10004.0,10004.0,10004.0,0.0,0.0
2018-05-09,9976.0,9976.0,9976.0,9976.0,0.0,0.0
2018-05-08,10039.5,10039.5,10039.5,10039.5,0.0,0.0
2018-05-07,10040.0,10040.0,10040.0,10040.0,0.0,0.0
2018-05-04,10031.5,10031.5,10031.5,10031.5,0.0,0.0
2018-05-03,10021.0,10021.0,10021.0,10021.0,0.0,0.0
2018-05-02,9982.0,9982.0,9982.0,9982.0,0.0,0.0
2018-05-01,9975.5,9975.5,9975.5,9975.5,0.0,0.0
2018-04-30,10021.0,10021.0,10021.0,10021.0,0.0,0.0
2018-04-27,10044.5,10044.5,10044.5,10044.5,0.0,0.0
2018-04-26,10018.0,10018.0,10018.0,10018.0,0.0,0.0
2018-04-25,10023.5,10023.5,10023.5,10023.5,0.0,0.0
2018-04-24,10083.5,10083.5,10083.5,10083.5,0.0,0.0
2018-04-23,10094.0,10094.0,10094.0,10094.0,0.0,0.0
2018-04-20,10184.5,10184.5,10184.5,10184.5,0.0,0.0
2018-04-19,10196.5,10196.5,10196.5,10196.5,0.0,0.0
2018-04-18,10208.5,10208.5,10208.5,10208.5,0.0,0.0
2018-04-17,10226.5,10226.5,10226.5,10226.5,0.0,0.0
2018-04-16,10224.5,10224.5,10224.5,10224.5,0.0,0.0
2018-04-13,10192.0,10192.0,10192.0,10192.0,0.0,0.0
2018-04-12,10207.0,10207.0,10207.0,10207.0,0.0,0.0
2018-04-11,10221.0,10221.0,10221.0,10221.0,0.0,0.0
2018-04-10,10200.0,10200.0,10200.0,10200.0,0.0,0.0
2018-04-09,10235.0,10235.0,10235.0,10235.0,0.0,0.0
2018-04-06,10228.0,10228.0,10228.0,10228.0,0.0,0.0
2018-04-05,10185.0,10185.0,10185.0,10185.0,0.0,0.0
2018-04-04,10248.5,10248.5,10248.5,10248.5,0.0,0.0
2018-04-03,10257.0,10257.0,10257.0,10257.0,0.0,0.0
2018-04-02,10317.5,10317.5,10317.5,10317.5,0.0,0.0
2018-03-29,10264.0,10264.0,10264.0,10264.0,0.0,0.0
2018-03-28,10234.0,10234.0,10234.0,10234.0,0.0,0.0
2018-03-27,10368.5,10368.5,10368.5,10368.5,0.0,0.0
2018-03-26,10414.5,10414.5,10414.5,10414.5,0.0,0.0
2018-03-23,10456.5,10456.5,10456.5,10456.5,0.0,0.0
2018-03-22,10376.0,10376.0,10376.0,10376.0,0.0,0.0
2018-03-21,10347.0,10347.0,10347.0,10347.0,0.0,0.0
2018-03-20,10310.5,10310.5,10310.5,10310.5,0.0,0.0
2018-03-19,10352.5,10352.5,10352.5,10352.5,0.0,0.0
2018-03-16,10345.5,10345.5,10345.5,10345.5,0.0,0.0
2018-03-15,10322.0,10322.0,10322.0,10322.0,0.0,0.0
2018-03-14,10326.0,10326.0,10326.0,10326.0,0.0,0.0
2018-03-13,10298.5,10298.5,10298.5,10298.5,0.0,0.0
2018-03-12,10325.5,10325.5,10325.5,10325.5,0.0,0.0
2018-03-09,10287.0,10287.0,10287.0,10287.0,0.0,0.0
2018-03-08,10328.5,10328.5,10328.5,10328.5,0.0,0.0
2018-03-07,10354.5,10354.5,10354.5,10354.5,0.0,0.0
2018-03-06,10338.0,10338.0,10338.0,10338.0,0.0,0.0
2018-03-05,10334.5,10334.5,10334.5,10334.5,0.0,0.0
2018-03-02,10391.0,10391.0,10391.0,10391.0,0.0,0.0
2018-03-01,10324.5,10324.5,10324.5,10324.5,0.0,0.0
2018-02-28,10300.5,10300.5,10300.5,10300.5,0.0,0.0
2018-02-27,10239.5,10239.5,10239.5,10239.5,0.0,0.0
2018-02-26,10270.5,10270.5,10270.5,10270.5,0.0,0.0
2018-02-23,10293.0,10293.0,10293.0,10293.0,0.0,0.0
2018-02-22,10317.5,10317.5,10317.5,10317.5,0.0,0.0
2018-02-21,10210.5,10210.5,10210.5,10210.5,0.0,0.0
2018-02-20,10252.5,10252.5,10252.5,10252.5,0.0,0.0
2018-02-16,10333.0,10333.0,10333.0,10333.0,0.0,0.0
2018-02-15,10340.5,10340.5,10340.5,10340.5,0.0,0.0
2018-02-14,10261.5,10261.5,10261.5,10261.5,0.0,0.0
2018-02-13,10182.5,10182.5,10182.5,10182.5,0.0,0.0
2018-02-12,10090.0,10090.0,10090.0,10090.0,0.0,0.0
2018-02-09,10088.5,10088.5,10088.5,10088.5,0.0,0.0
2018-02-08,10068.0,10068.0,10068.0,10068.0,0.0,0.0
2018-02-07,10009.5,10009.5,10009.5,10009.5,0.0,0.0
2018-02-06,10009.5,10009.5,10009.5,10009.5,0.0,0.0
2018-02-05,9985.0,9985.0,9985.0,9985.0,0.0,0.0
2018-02-02,9944.5,9944.5,9944.5,9944.5,0.0,0.0
2018-02-01,10010.5,10010.5,10010.5,10010.5,0.0,0.0
2018-01-31,10033.0,10033.0,10033.0,10033.0,0.0,0.0
2018-01-30,10055.5,10055.5,10055.5,10055.5,0.0,0.0
2018-01-29,10040.5,10040.5,10040.5,10040.5,0.0,0.0
2018-01-26,10060.5,10060.5,10060.5,10060.5,0.0,0.0
2018-01-25,9979.0,9979.0,9979.0,9979.0,0.0,0.0
2018-01-24,10010.5,10010.5,10010.5,10010.5,0.0,0.0
2018-01-23,9896.0,9896.0,9896.0,9896.0,0.0,0.0
2018-01-22,9852.5,9852.5,9852.5,9852.5,0.0,0.0
2018-01-19,9879.0,9879.0,9879.0,9879.0,0.0,0.0
2018-01-18,9840.5,9840.5,9840.5,9840.5,0.0,0.0
2018-01-17,9823.5,9823.5,9823.5,9823.5,0.0,0.0
2018-01-16,9887.0,9887.0,9887.0,9887.0,0.0,0.0
2018-01-12,9813.5,9813.5,9813.5,9813.5,0.0,0.0
2018-01-11,9807.0,9807.0,9807.0,9807.0,0.0,0.0
2018-01-10,9780.0,9780.0,9780.0,9780.0,0.0,0.0
2018-01-09,9667.5,9667.5,9667.5,9667.5,0.0,0.0
2018-01-08,9627.0,9627.0,9627.0,9627.0,0.0,0.0
2018-01-05,9624.0,9624.0,9624.0,9624.0,0.0,0.0
2018-01-04,9654.0,9654.0,9654.0,9654.0,0.0,0.0
2018-01-03,9662.5,9662.5,9662.5,9662.5,0.0,0.0
2018-01-02,9695.5,9695.5,9695.5,9695.5,0.0,0.0
2017-12-29,9659.0,9659.0,9659.0,9659.0,0.0,0.0
2017-12-28,9641.0,9641.0,9641.0,9641.0,0.0,0.0
2017-12-27,9610.0,9610.0,9610.0,9610.0,0.0,0.0
2017-12-26,9633.0,9633.0,9633.0,9633.0,0.0,0.0
2017-12-22,9626.5,9626.5,9626.5,9626.5,0.0,0.0
2017-12-21,9613.5,9613.5,9613.5,9613.5,0.0,0.0
2017-12-20,9598.5,9598.5,9598.5,9598.5,0.0,0.0
2017-12-19,9647.0,9647.0,9647.0,9647.0,0.0,0.0
2017-12-18,9667.0,9667.0,9667.0,9667.0,0.0,0.0
2017-12-15,9671.0,9671.0,9671.0,9671.0,0.0,0.0
2017-12-14,9704.0,9704.0,9704.0,9704.0,0.0,0.0
2017-12-13,9682.5,9682.5,9682.5,9682.5,0.0,0.0
2017-12-12,9598.5,9598.5,9598.5,9598.5,0.0,0.0
2017-12-11,9601.0,9601.0,9601.0,9601.0,0.0,0.0
2017-12-08,9598.5,9598.5,9598.5,9598.5,0.0,0.0
2017-12-07,9633.0,9633.0,9633.0,9633.0,0.0,0.0
2017-12-06,9695.0,9695.0,9695.0,9695.0,0.0,0.0
2017-12-05,9681.0,9681.0,9681.0,9681.0,0.0,0.0
2017-12-04,9676.0,9676.0,9676.0,9676.0,0.0,0.0
2017-12-01,9712.0,9712.0,9712.0,9712.0,0.0,0.0
2017-11-30,9675.0,9675.0,9675.0,9675.0,0.0,0.0
2017-11-29,9732.0,9732.0,9732.0,9732.0,0.0,0.0
2017-11-28,9753.5,9753.5,9753.5,9753.5,0.0,0.0
2017-11-27,9803.0,9803.0,9803.0,9803.0,0.0,0.0
2017-11-24,9757.5,9757.5,9757.5,9757.5,0.0,0.0
2017-11-22,9797.0,9797.0,9797.0,9797.0,0.0,0.0
2017-11-21,9699.0,9699.0,9699.0,9699.0,0.0,0.0
2017-11-20,9674.0,9674.0,9674.0,9674.0,0.0,0.0
2017-11-17,9710.0,9710.0,9710.0,9710.0,0.0,0.0
2017-11-16,9641.0,9641.0,9641.0,9641.0,0.0,0.0
2017-11-15,9646.0,9646.0,9646.0,9646.0,0.0,0.0
2017-11-14,9615.0,9615.0,9615.0,9615.0,0.0,0.0
2017-11-13,9602.5,9602.5,9602.5,9602.5,0.0,0.0
2017-11-10,9586.0,9586.0,9586.0,9586.0,0.0,0.0
2017-11-09,9617.0,9617.0,9617.0,9617.0,0.0,0.0
2017-11-08,9568.5,9568.5,9568.5,9568.5,0.0,0.0
2017-11-07,9556.5,9556.5,9556.5,9556.5,0.0,0.0
2017-11-06,9564.5,9564.5,9564.5,9564.5,0.0,0.0
2017-11-03,9535.5,9535.5,9535.5,9535.5,0.0,0.0
2017-11-02,9549.0,9549.0,9549.0,9549.0,0.0,0.0
2017-11-01,9527.5,9527.5,9527.5,9527.5,0.0,0.0
2017-10-31,9573.0,9573.0,9573.0,9573.0,0.0,0.0
2017-10-30,9614.0,9614.0,9614.0,9614.0,0.0,0.0
2017-10-27,9578.0,9578.0,9578.0,9578.0,0.0,0.0
2017-10-26,9570.0,9570.0,9570.0,9570.0,0.0,0.0
2017-10-25,9588.0,9588.0,9588.0,9588.0,0.0,0.0
2017-10-24,9596.0,9596.0,9596.0,9596.0,0.0,0.0
2017-10-23,9578.0,9578.0,9578.0,9578.0,0.0,0.0
2017-10-20,9601.0,9601.0,9601.0,9601.0,0.0,0.0
2017-10-19,9659.5,9659.5,9659.5,9659.5,0.0,0.0
2017-10-18,9646.5,9646.5,9646.5,9646.5,0.0,0.0
2017-10-17,9700.5,9700.5,9700.5,9700.5,0.0,0.0
2017-10-16,9688.0,9688.0,9688.0,9688.0,0.0,0.0
2017-10-13,9707.0,9707.0,9707.0,9707.0,0.0,0.0
2017-10-12,9688.5,9688.5,9688.5,9688.5,0.0,0.0
2017-10-11,9677.0,9677.0,9677.0,9677.0,0.0,0.0
2017-10-10,9679.0,9679.0,9679.0,9679.0,0.0,0.0
2017-10-09,9661.5,9661.5,9661.5,9661.5,0.0,0.0
2017-10-06,9656.0,9656.0,9656.0,9656.0,0.0,0.0
2017-10-05,9640.0,9640.0,9640.0,9640.0,0.0,0.0
2017-10-04,9640.0,9640.0,9640.0,9640.0,0.0,0.0
2017-10-03,9623.5,9623.5,9623.5,9623.5,0.0,0.0
2017-10-02,9654.0,9654.0,9654.0,9654.0,0.0,0.0
2017-09-29,9659.5,9659.5,9659.5,9659.5,0.0,0.0
2017-09-28,9662.0,9662.0,9662.0,9662.0,0.0,0.0
2017-09-27,9645.5,9645.5,9645.5,9645.5,0.0,0.0
2017-09-26,9683.5,9683.5,9683.5,9683.5,0.0,0.0
2017-09-25,9733.0,9733.0,9733.0,9733.0,0.0,0.0
2017-09-22,9698.5,9698.5,9698.5,9698.5,0.0,0.0
2017-09-21,9655.0,9655.0,9655.0,9655.0,0.0,0.0
2017-09-20,9653.5,9653.5,9653.5,9653.5,0.0,0.0
2017-09-19,9738.5,9738.5,9738.5,9738.5,0.0,0.0
2017-09-18,9736.5,9736.5,9736.5,9736.5,0.0,0.0
2017-09-15,9781.5,9781.5,9781.5,9781.5,0.0,0.0
2017-09-14,9801.5,9801.5,9801.5,9801.5,0.0,0.0
2017-09-13,9782.0,9782.0,9782.0,9782.0,0.0,0.0
2017-09-12,9827.0,9827.0,9827.0,9827.0,0.0,0.0
2017-09-11,9889.0,9889.0,9889.0,9889.0,0.0,0.0
2017-09-08,10018.5,10018.5,10018.5,10018.5,0.0,0.0
2017-09-07,9947.5,9947.5,9947.5,9947.5,0.0,0.0
2017-09-06,9907.5,9907.5,9907.5,9907.5,0.0,0.0
2017-09-05,9956.0,9956.0,9956.0,9956.0,0.0,0.0
2017-09-01,9836.5,9836.5,9836.5,9836.5,0.0,0.0
2017-08-31,9857.5,9857.5,9857.5,9857.5,0.0,0.0
2017-08-30,9830.5,9830.5,9830.5,9830.5,0.0,0.0
2017-08-29,9887.0,9887.0,9887.0,9887.0,0.0,0.0
2017-08-28,9946.0,9946.0,9946.0,9946.0,0.0,0.0
2017-08-25,9940.0,9940.0,9940.0,9940.0,0.0,0.0
2017-08-24,9920.0,9920.0,9920.0,9920.0,0.0,0.0
2017-08-23,9957.5,9957.5,9957.5,9957.5,0.0,0.0
2017-08-22,9921.0,9921.0,9921.0,9921.0,0.0,0.0
2017-08-21,9980.5,9980.5,9980.5,9980.5,0.0,0.0
2017-08-18,9952.5,9952.5,9952.5,9952.5,0.0,0.0
2017-08-17,9908.5,9908.5,9908.5,9908.5,0.0,0.0
2017-08-16,9877.0,9877.0,9877.0,9877.0,0.0,0.0
2017-08-15,9840.5,9840.5,9840.5,9840.5,0.0,0.0
2017-08-14,9918.0,9918.0,9918.0,9918.0,0.0,0.0
2017-08-11,9956.0,9956.0,9956.0,9956.0,0.0,0.0
2017-08-10,9944.0,9944.0,9944.0,9944.0,0.0,0.0
2017-08-09,9899.0,9899.0,9899.0,9899.0,0.0,0.0
2017-08-08,9852.0,9852.0,9852.0,9852.0,0.0,0.0
2017-08-07,9822.5,9822.5,9822.5,9822.5,0.0,0.0
2017-08-04,9824.0,9824.0,9824.0,9824.0,0.0,0.0
2017-08-03,9879.0,9879.0,9879.0,9879.0,0.0,0.0
2017-08-02,9836.0,9836.0,9836.0,9836.0,0.0,0.0
2017-08-01,9855.5,9855.5,9855.5,9855.5,0.0,0.0
2017-07-31,9877.0,9877.0,9877.0,9877.0,0.0,0.0
2017-07-28,9844.5,9844.5,9844.5,9844.5,0.0,0.0
2017-07-27,9806.0,9806.0,9806.0,9806.0,0.0,0.0
2017-07-26,9791.5,9791.5,9791.5,9791.5,0.0,0.0
2017-07-25,9747.5,9747.5,9747.5,9747.5,0.0,0.0
2017-07-24,9803.0,9803.0,9803.0,9803.0,0.0,0.0
2017-07-21,9802.0,9802.0,9802.0,9802.0,0.0,0.0
2017-07-20,9727.0,9727.0,9727.0,9727.0,0.0,0.0
2017-07-19,9745.5,9745.5,9745.5,9745.5,0.0,0.0
2017-07-18,9735.0,9735.0,9735.0,9735.0,0.0,0.0
2017-07-17,9678.5,9678.5,9678.5,9678.5,0.0,0.0
2017-07-14,9685.5,9685.5,9685.5,9685.5,0.0,0.0
2017-07-13,9632.5,9632.5,9632.5,9632.5,0.0,0.0
2017-07-12,9629.0,9629.0,9629.0,9629.0,0.0,0.0
2017-07-11,9593.5,9593.5,9593.5,9593.5,0.0,0.0
2017-07-10,9574.0,9574.0,9574.0,9574.0,0.0,0.0
2017-07-07,9582.5,9582.5,9582.5,9582.5,0.0,0.0
2017-07-06,9646.0,9646.0,9646.0,9646.0,0.0,0.0
2017-07-05,9631.0,9631.0,9631.0,9631.0,0.0,0.0
2017-07-03,9632.0,9632.0,9632.0,9632.0,0.0,0.0
2017-06-30,9682.0,9682.0,9682.0,9682.0,0.0,0.0
2017-06-29,9725.5,9725.5,9725.5,9725.5,0.0,0.0
2017-06-28,9701.5,9701.5,9701.5,9701.5,0.0,0.0
2017-06-27,9720.5,9720.5,9720.5,9720.5,0.0,0.0
2017-06-26,9717.5,9717.5,9717.5,9717.5,0.0,0.0
2017-06-23,9769.0,9769.0,9769.0,9769.0,0.0,0.0
2017-06-22,9757.0,9757.0,9757.0,9757.0,0.0,0.0
2017-06-21,9767.5,9767.5,9767.5,9767.5,0.0,0.0
2017-06-20,9769.0,9769.0,9769.0,9769.0,0.0,0.0
2017-06-19,9768.0,9768.0,9768.0,9768.0,0.0,0.0
2017-06-16,9816.5,9816.5,9816.5,9816.5,0.0,0.0
2017-06-15,9818.5,9818.5,9818.5,9818.5,0.0,0.0
2017-06-14,9926.0,9926.0,9926.0,9926.0,0.0,0.0
2017-06-13,9922.0,9922.0,9922.0,9922.0,0.0,0.0
2017-06-12,9948.0,9948.0,9948.0,9948.0,0.0,0.0
2017-06-09,9921.0,9921.0,9921.0,9921.0,0.0,0.0
2017-06-08,9936.5,9936.5,9936.5,9936.5,0.0,0.0
2017-06-07,9942.5,9942.5,9942.5,9942.5,0.0,0.0
2017-06-06,9961.5,9961.5,9961.5,9961.5,0.0,0.0
2017-06-05,9889.0,9889.0,9889.0,9889.0,0.0,0.0
2017-06-02,9894.0,9894.0,9894.0,9894.0,0.0,0.0
2017-06-01,9837.0,9837.0,9837.0,9837.0,0.0,0.0
2017-05-31,9902.0,9902.0,9902.0,9902.0,0.0,0.0
2017-05-30,9883.0,9883.0,9883.0,9883.0,0.0,0.0
2017-05-26,9848.0,9848.0,9848.0,9848.0,0.0,0.0
2017-05-25,9805.5,9805.5,9805.5,9805.5,0.0,0.0
2017-05-24,9823.5,9823.5,9823.5,9823.5,0.0,0.0
2017-05-23,9823.0,9823.0,9823.0,9823.0,0.0,0.0
2017-05-22,9862.0,9862.0,9862.0,9862.0,0.0,0.0
2017-05-19,9846.0,9846.0,9846.0,9846.0,0.0,0.0
2017-05-18,9836.0,9836.0,9836.0,9836.0,0.0,0.0
2017-05-17,9855.5,9855.5,9855.5,9855.5,0.0,0.0
2017-05-16,9714.5,9714.5,9714.5,9714.5,0.0,0.0
2017-05-15,9670.5,9670.5,9670.5,9670.5,0.0,0.0
2017-05-12,9690.5,9690.5,9690.5,9690.5,0.0,0.0
2017-05-11,9672.5,9672.5,9672.5,9672.5,0.0,0.0
2017-05-10,9638.0,9638.0,9638.0,9638.0,0.0,0.0
2017-05-09,9652.0,9652.0,9652.0,9652.0,0.0,0.0
2017-05-08,9764.0,9764.0,9764.0,9764.0,0.0,0.0
2017-05-05,9802.0,9802.0,9802.0,9802.0,0.0,0.0
2017-05-04,9819.5,9819.5,9819.5,9819.5,0.0,0.0
2017-05-03,9788.5,9788.5,9788.5,9788.5,0.0,0.0
2017-05-02,9845.0,9845.0,9845.0,9845.0,0.0,0.0
2017-05-01,9869.0,9869.0,9869.0,9869.0,0.0,0.0
2017-04-28,9902.5,9902.5,9902.5,9902.5,0.0,0.0
2017-04-27,9910.0,9910.0,9910.0,9910.0,0.0,0.0
2017-04-26,9915.0,9915.0,9915.0,9915.0,0.0,0.0
2017-04-25,9941.0,9941.0,9941.0,9941.0,0.0,0.0
2017-04-24,10046.0,10046.0,10046.0,10046.0,0.0,0.0
2017-04-21,10082.5,10082.5,10082.5,10082.5,0.0,0.0
2017-04-20,10075.5,10075.5,10075.5,10075.5,0.0,0.0
2017-04-19,10125.0,10125.0,10125.0,10125.0,0.0,0.0
2017-04-18,10148.5,10148.5,10148.5,10148.5,0.0,0.0
2017-04-17,10120.0,10120.0,10120.0,10120.0,0.0,0.0
2017-04-13,10100.5,10100.5,10100.5,10100.5,0.0,0.0
2017-04-12,10048.5,10048.5,10048.5,10048.5,0.0,0.0
2017-04-11,10063.0,10063.0,10063.0,10063.0,0.0,0.0
2017-04-10,9966.0,9966.0,9966.0,9966.0,0.0,0.0
2017-04-07,9950.5,9950.5,9950.5,9950.5,0.0,0.0
2017-04-06,9973.0,9973.0,9973.0,9973.0,0.0,0.0
2017-04-05,9957.5,9957.5,9957.5,9957.5,0.0,0.0
2017-04-04,9985.5,9985.5,9985.5,9985.5,0.0,0.0
2017-04-03,9960.0,9960.0,9960.0,9960.0,0.0,0.0
2017-03-31,9944.5,9944.5,9944.5,9944.5,0.0,0.0
2017-03-30,9925.5,9925.5,9925.5,9925.5,0.0,0.0
2017-03-29,9969.5,9969.5,9969.5,9969.5,0.0,0.0
2017-03-28,9966.5,9966.5,9966.5,9966.5,0.0,0.0
2017-03-27,10006.0,10006.0,10006.0,10006.0,0.0,0.0
2017-03-24,10001.0,10001.0,10001.0,10001.0,0.0,0.0
2017-03-23,9979.0,9979.0,9979.0,9979.0,0.0,0.0
2017-03-22,9998.0,9998.0,9998.0,9998.0,0.0,0.0
2017-03-21,9923.0,9923.0,9923.0,9923.0,0.0,0.0
2017-03-20,9888.5,9888.5,9888.5,9888.5,0.0,0.0
2017-03-17,9886.0,9886.0,9886.0,9886.0,0.0,0.0
2017-03-16,9839.5,9839.5,9839.5,9839.5,0.0,0.0
2017-03-15,9869.5,9869.5,9869.5,9869.5,0.0,0.0
2017-03-14,9751.0,9751.0,9751.0,9751.0,0.0,0.0
2017-03-13,9751.5,9751.5,9751.5,9751.5,0.0,0.0
2017-03-10,9741.0,9741.0,9741.0,9741.0,0.0,0.0
2017-03-09,9744.5,9744.5,9744.5,9744.5,0.0,0.0
2017-03-08,9767.0,9767.0,9767.0,9767.0,0.0,0.0
2017-03-07,9798.0,9798.0,9798.0,9798.0,0.0,0.0
2017-03-06,9804.0,9804.0,9804.0,9804.0,0.0,0.0
2017-03-03,9798.5,9798.5,9798.5,9798.5,0.0,0.0
2017-03-02,9767.0,9767.0,9767.0,9767.0,0.0,0.0
2017-03-01,9822.5,9822.5,9822.5,9822.5,0.0,0.0
2017-02-28,9926.0,9926.0,9926.0,9926.0,0.0,0.0
2017-02-27,9871.0,9871.0,9871.0,9871.0,0.0,0.0
2017-02-24,9932.5,9932.5,9932.5,9932.5,0.0,0.0
2017-02-23,9880.0,9880.0,9880.0,9880.0,0.0,0.0
2017-02-22,9870.0,9870.0,9870.0,9870.0,0.0,0.0
2017-02-21,9821.5,9821.5,9821.5,9821.5,0.0,0.0
2017-02-17,9864.0,9864.0,9864.0,9864.0,0.0,0.0
2017-02-16,9853.0,9853.0,9853.0,9853.0,0.0,0.0
2017-02-15,9768.0,9768.0,9768.0,9768.0,0.0,0.0
2017-02-14,9763.0,9763.0,9763.0,9763.0,0.0,0.0
2017-02-13,9794.5,9794.5,9794.5,9794.5,0.0,0.0
2017-02-10,9809.5,9809.5,9809.5,9809.5,0.0,0.0
2017-02-09,9805.0,9805.0,9805.0,9805.0,0.0,0.0
2017-02-08,9892.0,9892.0,9892.0,9892.0,0.0,0.0
2017-02-07,9905.5,9905.5,9905.5,9905.5,0.0,0.0
2017-02-06,9942.5,9942.5,9942.5,9942.5,0.0,0.0
2017-02-03,9875.0,9875.0,9875.0,9875.0,0.0,0.0
2017-02-02,9886.0,9886.0,9886.0,9886.0,0.0,0.0
2017-02-01,9894.0,9894.0,9894.0,9894.0,0.0,0.0
2017-01-31,9904.0,9904.0,9904.0,9904.0,0.0,0.0
2017-01-30,9840.5,9840.5,9840.5,9840.5,0.0,0.0
2017-01-27,9727.5,9727.5,9727.5,9727.5,0.0,0.0
2017-01-26,9797.0,9797.0,9797.0,9797.0,0.0,0.0
2017-01-25,9871.5,9871.5,9871.5,9871.5,0.0,0.0
2017-01-24,9834.5,9834.5,9834.5,9834.5,0.0,0.0
2017-01-23,9899.5,9899.5,9899.5,9899.5,0.0,0.0
2017-01-20,9813.0,9813.0,9813.0,9813.0,0.0,0.0
2017-01-19,9775.5,9775.5,9775.5,9775.5,0.0,0.0
2017-01-18,9844.5,9844.5,9844.5,9844.5,0.0,0.0
2017-01-17,9921.5,9921.5,9921.5,9921.5,0.0,0.0
2017-01-13,9785.0,9785.0,9785.0,9785.0,0.0,0.0
2017-01-12,9750.0,9750.0,9750.0,9750.0,0.0,0.0
2017-01-11,9675.5,9675.5,9675.5,9675.5,0.0,0.0
2017-01-10,9649.0,9649.0,9649.0,9649.0,0.0,0.0
2017-01-09,9628.0,9628.0,9628.0,9628.0,0.0,0.0
2017-01-06,9560.5,9560.5,9560.5,9560.5,0.0,0.0
2017-01-05,9646.0,9646.0,9646.0,9646.0,0.0,0.0
2017-01-04,9506.0,9506.0,9506.0,9506.0,0.0,0.0
2017-01-03,9511.5,9511.5,9511.5,9511.5,0.0,0.0
2016-12-30,9592.5,9592.5,9592.5,9592.5,0.0,0.0
2016-12-29,9591.0,9591.0,9591.0,9591.0,0.0,0.0
2016-12-28,9567.5,9567.5,9567.5,9567.5,0.0,0.0
2016-12-27,9563.5,9563.5,9563.5,9563.5,0.0,0.0
2016-12-23,9571.0,9571.0,9571.0,9571.0,0.0,0.0
2016-12-22,9539.0,9539.0,9539.0,9539.0,0.0,0.0
2016-12-21,9540.5,9540.5,9540.5,9540.5,0.0,0.0
2016-12-20,9520.5,9520.5,9520.5,9520.5,0.0,0.0
2016-12-19,9568.5,9568.5,9568.5,9568.5,0.0,0.0
2016-12-16,9517.0,9517.0,9517.0,9517.0,0.0,0.0
2016-12-15,9538.0,9538.0,9538.0,9538.0,0.0,0.0
2016-12-14,9592.0,9592.0,9592.0,9592.0,0.0,0.0
2016-12-13,9715.5,9715.5,9715.5,9715.5,0.0,0.0
2016-12-12,9723.0,9723.0,9723.0,9723.0,0.0,0.0
2016-12-09,9685.0,9685.0,9685.0,9685.0,0.0,0.0
2016-12-08,9777.5,9777.5,9777.5,9777.5,0.0,0.0
2016-12-07,9790.0,9790.0,9790.0,9790.0,0.0,0.0
2016-12-06,9787.5,9787.5,9787.5,9787.5,0.0,0.0
2016-12-05,9817.5,9817.5,9817.5,9817.5,0.0,0.0
2016-12-02,9809.0,9809.0,9809.0,9809.0,0.0,0.0
2016-12-01,9789.0,9789.0,9789.0,9789.0,0.0,0.0
2016-11-30,9749.0,9749.0,9749.0,9749.0,0.0,0.0
2016-11-29,9918.0,9918.0,9918.0,9918.0,0.0,0.0
2016-11-28,9927.0,9927.0,9927.0,9927.0,0.0,0.0
2016-11-25,9862.0,9862.0,9862.0,9862.0,0.0,0.0
2016-11-23,9885.0,9885.0,9885.0,9885.0,0.0,0.0
2016-11-22,10001.5,10001.5,10001.5,10001.5,0.0,0.0
2016-11-21,10010.5,10010.5,10010.5,10010.5,0.0,0.0
2016-11-18,10053.0,10053.0,10053.0,10053.0,0.0,0.0
2016-11-17,10101.5,10101.5,10101.5,10101.5,0.0,0.0
2016-11-16,10153.5,10153.5,10153.5,10153.5,0.0,0.0
2016-11-15,10153.5,10153.5,10153.5,10153.5,0.0,0.0
2016-11-14,10229.5,10229.5,10229.5,10229.5,0.0,0.0
2016-11-11,10370.0,10370.0,10370.0,10370.0,0.0,0.0
2016-11-10,10348.5,10348.5,10348.5,10348.5,0.0,0.0
2016-11-09,10425.5,10425.5,10425.5,10425.5,0.0,0.0
2016-11-08,10445.5,10445.5,10445.5,10445.5,0.0,0.0
2016-11-07,10478.5,10478.5,10478.5,10478.5,0.0,0.0
2016-11-04,10611.0,10611.0,10611.0,10611.0,0.0,0.0
2016-11-03,10630.0,10630.0,10630.0,10630.0,0.0,0.0
2016-11-02,10589.5,10589.5,10589.5,10589.5,0.0,0.0
2016-11-01,10548.0,10548.0,10548.0,10548.0,0.0,0.0
2016-10-31,10449.5,10449.5,10449.5,10449.5,0.0,0.0
2016-10-28,10475.0,10475.0,10475.0,10475.0,0.0,0.0
2016-10-27,10428.0,10428.0,10428.0,10428.0,0.0,0.0
2016-10-26,10491.0,10491.0,10491.0,10491.0,0.0,0.0
2016-10-25,10513.5,10513.5,10513.5,10513.5,0.0,0.0
2016-10-24,10507.0,10507.0,10507.0,10507.0,0.0,0.0
2016-10-21,10537.5,10537.5,10537.5,10537.5,0.0,0.0
2016-10-20,10522.5,10522.5,10522.5,10522.5,0.0,0.0
2016-10-19,10582.0,10582.0,10582.0,10582.0,0.0,0.0
2016-10-18,10552.5,10552.5,10552.5,10552.5,0.0,0.0
2016-10-17,10569.0,10569.0,10569.0,10569.0,0.0,0.0
2016-10-14,10547.5,10547.5,10547.5,10547.5,0.0,0.0
2016-10-13,10593.5,10593.5,10593.5,10593.5,0.0,0.0
2016-10-12,10546.5,10546.5,10546.5,10546.5,0.0,0.0
2016-10-11,10639.5,10639.5,10639.5,10639.5,0.0,0.0
2016-10-10,10614.0,10614.0,10614.0,10614.0,0.0,0.0
2016-10-07,10674.5,10674.5,10674.5,10674.5,0.0,0.0
2016-10-06,10568.5,10568.5,10568.5,10568.5,0.0,0.0
2016-10-05,10605.0,10605.0,10605.0,10605.0,0.0,0.0
2016-10-04,10682.0,10682.0,10682.0,10682.0,0.0,0.0
2016-10-03,10796.0,10796.0,10796.0,10796.0,0.0,0.0
2016-09-30,10817.0,10817.0,10817.0,10817.0,0.0,0.0
2016-09-29,10832.0,10832.0,10832.0,10832.0,0.0,0.0
2016-09-28,10869.5,10869.5,10869.5,10869.5,0.0,0.0
2016-09-27,10922.0,10922.0,10922.0,10922.0,0.0,0.0
2016-09-26,10907.5,10907.5,10907.5,10907.5,0.0,0.0
2016-09-23,10825.5,10825.5,10825.5,10825.5,0.0,0.0
2016-09-22,10879.5,10879.5,10879.5,10879.5,0.0,0.0
2016-09-21,10923.0,10923.0,10923.0,10923.0,0.0,0.0
2016-09-20,10788.5,10788.5,10788.5,10788.5,0.0,0.0
2016-09-19,10793.0,10793.0,10793.0,10793.0,0.0,0.0
2016-09-16,10727.5,10727.5,10727.5,10727.5,0.0,0.0
2016-09-15,10749.0,10749.0,10749.0,10749.0,0.0,0.0
2016-09-14,10732.0,10732.0,10732.0,10732.0,0.0,0.0
2016-09-13,10694.0,10694.0,10694.0,10694.0,0.0,0.0
2016-09-12,10795.5,10795.5,10795.5,10795.5,0.0,0.0
2016-09-09,10708.5,10708.5,10708.5,10708.5,0.0,0.0
2016-09-08,10711.5,10711.5,10711.5,10711.5,0.0,0.0
2016-09-07,10765.0,10765.0,10765.0,10765.0,0.0,0.0
2016-09-06,10713.5,10713.5,10713.5,10713.5,0.0,0.0
2016-09-02,10563.0,10563.0,10563.0,10563.0,0.0,0.0
2016-09-01,10621.5,10621.5,10621.5,10621.5,0.0,0.0
2016-08-31,10610.0,10610.0,10610.0,10610.0,0.0,0.0
2016-08-30,10675.0,10675.0,10675.0,10675.0,0.0,0.0
2016-08-29,10756.5,10756.5,10756.5,10756.5,0.0,0.0
2016-08-26,10787.0,10787.0,10787.0,10787.0,0.0,0.0
2016-08-25,10892.5,10892.5,10892.5,10892.5,0.0,0.0
2016-08-24,10904.5,10904.5,10904.5,10904.5,0.0,0.0
2016-08-23,10977.0,10977.0,10977.0,10977.0,0.0,0.0
2016-08-22,10928.5,10928.5,10928.5,10928.5,0.0,0.0
2016-08-19,10956.0,10956.0,10956.0,10956.0,0.0,0.0
2016-08-18,10956.0,10956.0,10956.0,10956.0,0.0,0.0
2016-08-17,10939.5,10939.5,10939.5,10939.5,0.0,0.0
2016-08-16,10939.0,10939.0,10939.0,10939.0,0.0,0.0
2016-08-15,10819.0,10819.0,10819.0,10819.0,0.0,0.0
2016-08-12,10827.0,10827.0,10827.0,10827.0,0.0,0.0
2016-08-11,10786.5,10786.5,10786.5,10786.5,0.0,0.0
2016-08-10,10828.0,10828.0,10828.0,10828.0,0.0,0.0
2016-08-09,10783.5,10783.5,10783.5,10783.5,0.0,0.0
2016-08-08,10731.5,10731.5,10731.5,10731.5,0.0,0.0
2016-08-05,10804.0,10804.0,10804.0,10804.0,0.0,0.0
2016-08-04,10807.5,10807.5,10807.5,10807.5,0.0,0.0
2016-08-03,10836.5,10836.5,10836.5,10836.5,0.0,0.0
2016-08-02,10868.0,10868.0,10868.0,10868.0,0.0,0.0
2016-08-01,10722.0,10722.0,10722.0,10722.0,0.0,0.0
2016-07-29,10755.5,10755.5,10755.5,10755.5,0.0,0.0
2016-07-28,10501.5,10501.5,10501.5,10501.5,0.0,0.0
2016-07-27,10521.0,10521.0,10521.0,10521.0,0.0,0.0
2016-07-26,10604.5,10604.5,10604.5,10604.5,0.0,0.0
2016-07-25,10472.0,10472.0,10472.0,10472.0,0.0,0.0
2016-07-22,10420.0,10420.0,10420.0,10420.0,0.0,0.0
2016-07-21,10448.5,10448.5,10448.5,10448.5,0.0,0.0
2016-07-20,10349.5,10349.5,10349.5,10349.5,0.0,0.0
2016-07-19,10407.0,10407.0,10407.0,10407.0,0.0,0.0
2016-07-18,10414.0,10414.0,10414.0,10414.0,0.0,0.0
2016-07-15,10486.5,10486.5,10486.5,10486.5,0.0,0.0
2016-07-14,10462.0,10462.0,10462.0,10462.0,0.0,0.0
2016-07-13,10550.5,10550.5,10550.5,10550.5,0.0,0.0
2016-07-12,10537.5,10537.5,10537.5,10537.5,0.0,0.0
2016-07-11,10714.0,10714.0,10714.0,10714.0,0.0,0.0
2016-07-08,10932.0,10932.0,10932.0,10932.0,0.0,0.0
2016-07-07,10912.5,10912.5,10912.5,10912.5,0.0,0.0
2016-07-06,10847.5,10847.5,10847.5,10847.5,0.0,0.0
2016-07-05,10818.5,10818.5,10818.5,10818.5,0.0,0.0
2016-07-01,10757.0,10757.0,10757.0,10757.0,0.0,0.0
2016-06-30,10652.0,10652.0,10652.0,10652.0,0.0,0.0
2016-06-29,10739.0,10739.0,10739.0,10739.0,0.0,0.0
2016-06-28,10706.5,10706.5,10706.5,10706.5,0.0,0.0
2016-06-27,10775.0,10775.0,10775.0,10775.0,0.0,0.0
2016-06-24,10798.0,10798.0,10798.0,10798.0,0.0,0.0
2016-06-23,10492.0,10492.0,10492.0,10492.0,0.0,0.0
2016-06-22,10609.0,10609.0,10609.0,10609.0,0.0,0.0
2016-06-21,10596.5,10596.5,10596.5,10596.5,0.0,0.0
2016-06-20,10675.0,10675.0,10675.0,10675.0,0.0,0.0
2016-06-17,10634.0,10634.0,10634.0,10634.0,0.0,0.0
2016-06-16,10631.5,10631.5,10631.5,10631.5,0.0,0.0
2016-06-15,10482.0,10482.0,10482.0,10482.0,0.0,0.0
2016-06-14,10491.5,10491.5,10491.5,10491.5,0.0,0.0
2016-06-13,10471.5,10471.5,10471.5,10471.5,0.0,0.0
2016-06-10,10413.0,10413.0,10413.0,10413.0,0.0,0.0
2016-06-09,10420.0,10420.0,10420.0,10420.0,0.0,0.0
2016-06-08,10403.0,10403.0,10403.0,10403.0,0.0,0.0
2016-06-07,10372.0,10372.0,10372.0,10372.0,0.0,0.0
2016-06-06,10389.0,10389.0,10389.0,10389.0,0.0,0.0
2016-06-03,10437.5,10437.5,10437.5,10437.5,0.0,0.0
2016-06-02,10284.5,10284.5,10284.5,10284.5,0.0,0.0
2016-06-01,10235.0,10235.0,10235.0,10235.0,0.0,0.0
2016-05-31,10122.0,10122.0,10122.0,10122.0,0.0,0.0
2016-05-27,10189.0,10189.0,10189.0,10189.0,0.0,0.0
2016-05-26,10194.5,10194.5,10194.5,10194.5,0.0,0.0
2016-05-25,10179.5,10179.5,10179.5,10179.5,0.0,0.0
2016-05-24,10190.5,10190.5,10190.5,10190.5,0.0,0.0
2016-05-23,10239.5,10239.5,10239.5,10239.5,0.0,0.0
2016-05-20,10145.0,10145.0,10145.0,10145.0,0.0,0.0
2016-05-19,10169.5,10169.5,10169.5,10169.5,0.0,0.0
2016-05-18,10150.0,10150.0,10150.0,10150.0,0.0,0.0
2016-05-17,10210.5,10210.5,10210.5,10210.5,0.0,0.0
2016-05-16,10216.5,10216.5,10216.5,10216.5,0.0,0.0
2016-05-13,10223.0,10223.0,10223.0,10223.0,0.0,0.0
2016-05-12,10189.0,10189.0,10189.0,10189.0,0.0,0.0
2016-05-11,10212.5,10212.5,10212.5,10212.5,0.0,0.0
2016-05-10,10143.0,10143.0,10143.0,10143.0,0.0,0.0
2016-05-09,10205.0,10205.0,10205.0,10205.0,0.0,0.0
2016-05-06,10341.0,10341.0,10341.0,10341.0,0.0,0.0
2016-05-05,10323.0,10323.0,10323.0,10323.0,0.0,0.0
2016-05-04,10376.5,10376.5,10376.5,10376.5,0.0,0.0
2016-05-03,10431.5,10431.5,10431.5,10431.5,0.0,0.0
2016-05-02,10454.0,10454.0,10454.0,10454.0,0.0,0.0
2016-04-29,10414.5,10414.5,10414.5,10414.5,0.0,0.0
2016-04-28,10308.5,10308.5,10308.5,10308.5,0.0,0.0
2016-04-27,10038.0,10038.0,10038.0,10038.0,0.0,0.0
2016-04-26,10057.0,10057.0,10057.0,10057.0,0.0,0.0
2016-04-25,10053.0,10053.0,10053.0,10053.0,0.0,0.0
2016-04-22,10036.0,10036.0,10036.0,10036.0,0.0,0.0
2016-04-21,10212.0,10212.0,10212.0,10212.0,0.0,0.0
2016-04-20,10180.0,10180.0,10180.0,10180.0,0.0,0.0
2016-04-19,10219.0,10219.0,10219.0,10219.0,0.0,0.0
2016-04-18,10236.0,10236.0,10236.0,10236.0,0.0,0.0
2016-04-15,10240.5,10240.5,10240.5,10240.5,0.0,0.0
2016-04-14,10205.5,10205.5,10205.5,10205.5,0.0,0.0
2016-04-13,10202.0,10202.0,10202.0,10202.0,0.0,0.0
2016-04-12,10281.5,10281.5,10281.5,10281.5,0.0,0.0
2016-04-11,10322.5,10322.5,10322.5,10322.5,0.0,0.0
2016-04-08,10270.0,10270.0,10270.0,10270.0,0.0,0.0
2016-04-07,10253.0,10253.0,10253.0,10253.0,0.0,0.0
2016-04-06,10146.5,10146.5,10146.5,10146.5,0.0,0.0
2016-04-05,10059.0,10059.0,10059.0,10059.0,0.0,0.0
2016-04-04,10025.0,10025.0,10025.0,10025.0,0.0,0.0
2016-04-01,9979.5,9979.5,9979.5,9979.5,0.0,0.0
2016-03-31,9916.5,9916.5,9916.5,9916.5,0.0,0.0
2016-03-30,9952.0,9952.0,9952.0,9952.0,0.0,0.0
2016-03-29,9938.5,9938.5,9938.5,9938.5,0.0,0.0
2016-03-28,9938.5,9938.5,9938.5,9938.5,0.0,0.0
2016-03-24,9991.5,9991.5,9991.5,9991.5,0.0,0.0
2016-03-23,10002.5,10002.5,10002.5,10002.5,0.0,0.0
2016-03-22,10042.5,10042.5,10042.5,10042.5,0.0,0.0
2016-03-21,10071.5,10071.5,10071.5,10071.5,0.0,0.0
2016-03-18,10074.0,10074.0,10074.0,10074.0,0.0,0.0
2016-03-17,10095.5,10095.5,10095.5,10095.5,0.0,0.0
2016-03-16,10063.0,10063.0,10063.0,10063.0,0.0,0.0
2016-03-15,9994.0,9994.0,9994.0,9994.0,0.0,0.0
